kolhapur,Qty
8900000002641,1
8900000002788,1
8900000003457,1
8900000004225,1
8900000004249,1
8900000004331,1
8900000005635,1
8900000005888,1
8900000005987,1
8900000006045,1
8900000006076,1
8900000006250,1
8900000006281,1
8900000006311,1
8900000006397,1
8900000008414,1
8900000008964,1
8900000009053,1
8900000009060,1
8900000009084,1
8900000010318,1
8900000016815,1
8900000016846,1
8900000016853,1
8900000016860,1
8900000016884,1
8900000016921,1
8900000016938,1
8900000017003,1
8900000017010,1
8900000017034,1
8900000017065,1
8900000017072,1
8900000017096,1
8900000017126,1
8900000017157,1
8900000017188,1
8900000018482,1
8900000019090,1
8900000019106,1
8900000020317,1
8900000020355,1
8900000020584,1
8900000021314,1
8900000021536,1
8900000021543,1
8900000022717,1
8900000025206,1
8900000025237,1
8900000025244,1
8900000025251,1
8900000026265,1
8900000026937,1
8900000030668,1
8900000033768,1
8900000036486,1
8900000036493,1
8900000036707,1
8900000036721,1
8900000037780,1
8900000038619,1
8900000041541,1
8900000041664,1
8900000043606,1
8900000044177,1
8900000044696,1
8900000044917,1
8900000045471,1
8900000046171,1
8900000046270,1
8900000046379,1
8900000049905,1
8900000050710,1
8900000050819,1
8900000050826,1
8900000050871,1
8900000050895,1
8900000050970,1
8900000051267,1
8900000052639,1
8900000055555,1
8900000055616,1
8900000055951,1
8900000056019,1
8900000056026,1
8900000056040,1
8900000056057,1
8900000056316,1
8900000060207,1
8900000060306,1
8900000060351,1
8900000060481,1
8900000062577,1
8900000063130,1
8900000063147,1
8900000063154,1
8900000063185,1
8900000063635,1
8900000065400,1
8900000065431,1
8900000065455,1
8900000065554,1
8900000065608,1
8900000065974,1
8900000066070,1
8900000066094,1
8900000067220,1
8900000067237,1
8900000067251,1
8900000067503,1
8900000067794,1
8900000068470,1
8900000068487,1
8900000068548,1
8900000068555,1
8900000068579,1
8900000068678,1
8900000070237,1
8900000070244,1
8900000070305,1
8900000070534,1
8900000070541,1
8900000070565,1
8900000070848,1
8900000070893,1
8900000073863,1
8900000076246,1
8900000076277,1
8900000077441,1
8900000078882,1
8900000078998,1
8900000080427,1
8900000082438,1
8900000082766,1
8900000082964,1
8900000083039,1
8900000083688,1
8900000083701,1
8900000085453,1
8900000085644,1
8900000085811,1
8900000085927,1
8900000086610,1
8900000086658,1
8900000086740,1
8900000086818,1
8900000086924,1
8900000086962,1
8900000087396,1
8900000087631,1
8900000089444,1
8900000089451,1
8900000089789,1
8900000089826,1
8900000090600,1
8900000091362,1
8900000091423,1
8900000091461,1
8900000091881,1
8900000093205,1
8900000093519,1
8900000093656,1
8900000093700,1
8900000093731,1
8900000093762,1
8900000093809,1
8900000093823,1
8900000093885,1
8900000093960,1
8900000094141,1
8900000094189,1
8900000094202,1
8900000094240,1
8900000094301,1
8900000094400,1
8900000094462,1
8900000094530,1
8900000094547,1
8900000094745,1
8900000094882,1
8900000094905,1
8900000098255,1
8900000098910,1
8900000099818,1
8900000099825,1
8900000100132,1
8900000100187,1
8900000100699,1
8900000100705,1
8900000100729,1
8900000100811,1
8900000100866,1
8900000102150,1
8900000102372,1
8900000102518,1
8900000102679,1
8900000103744,1
8900000103751,1
8900000103768,1
8900000103782,1
8900000104833,1
8900000105229,1
8900000105908,1
8900000106769,1
8900000108619,1
8900000110773,1
8900000114665,1
8900000115105,1
8900000115853,1
8900000117192,1
8900000117758,1
8900000118342,1
8900000118618,1
8900000118762,1
8900000118861,1
8900000118878,1
8900000118885,1
8900000124534,1
8900000125661,1
8900000126477,1
8900000126866,1
8900000126958,1
8900000128457,1
8900000129270,1
8900000129454,1
8900000129928,1
8900000129935,1
8900000129942,1
8900000130016,1
8900000130573,1
8900000131754,1
8900000132522,1
8900000132577,1
8900000136643,1
8900000140688,1
8900000141920,1
8900000141937,1
8900000141944,1
8900000141951,1
8900000141975,1
8900000141982,1
8900000141999,1
8900000142002,1
8900000142880,1
8900000143054,1
8900000144228,1
8900000144235,1
8900000145478,1
8900000146321,1
8900000146918,1
8900000147618,1
8900000147861,1
8900000151042,1
8900000151745,1
8900000151769,1
8900000151943,1
8900000155460,1
8900000157112,1
8900000157778,1
8900000157990,1
8900000158126,1
8900000159062,1
8900000159093,1
8900000159215,1
8900000159420,1
8900000159598,1
8900000160525,1
8900000160921,1
8900000161775,1
8900000161843,1
8900000162192,1
8900000162208,1
8900000162215,1
8900000162222,1
8900000162864,1
8900000162871,1
8900000162888,1
8900000163649,1
8900000163663,1
8900000163670,1
8900000164707,1
8900000164721,1
8900000164738,1
8900000164882,1
8900000165278,1
8900000165285,1
8900000165292,1
8900000165308,1
8900000165315,1
8900000166428,1
8900000166497,1
8900000166534,1
8900000166572,1
8900000166749,1
8900000166848,1
8900000166992,1
8900000167500,1
8900000167531,1
8900000167548,1
8900000167630,1
8900000167999,1
8900000168026,1
8900000168637,1
8900000169085,1
8900000169092,1
8900000170517,1
8900000170760,1
8900000170784,1
8900000171460,1
8900000172597,1
8900000172757,1
8900000172771,1
8900000172962,1
8900000173020,1
8900000173082,1
8900000174065,1
8900000174249,1
8900000174553,1
8900000174560,1
8900000174577,1
8900000175345,1
8900000176854,1
8900000176861,1
8900000177196,1
8900000177202,1
8900000177271,1
8900000177776,1
8900000178759,1
8900000179480,1
8900000180127,1
8900000181117,1
8900000181773,1
8900000183173,1
8900000183203,1
8900000183289,1
8900000183418,1
8900000185122,1
8900000187386,1
8900000187997,1
8900000188277,1
8900000188468,1
8900000188574,1
8900000189373,1
8900000191055,1
8900000194063,1
8900000194766,1
8900000195428,1
8900000195435,1
8900000196654,1
8900000196890,1
8900000199532,1
8900000199549,1
8900000200030,1
8900000200375,1
8900000200382,1
8900000200399,1
8900000200405,1
8900000202607,1
8900000202614,1
8900000202621,1
8900000202645,1
8900000202652,1
8900000203185,1
8900000203192,1
8900000204427,1
8900000204748,1
8900000204755,1
8900000204885,1
8900000204892,1
8900000204922,1
8900000205950,1
8900000207312,1
8900000207374,1
8900000207381,1
8900000207398,1
8900000207404,1
8900000207558,1
8900000207947,1
8900000208432,1
8900000208449,1
8900000208500,1
8900000208517,1
8900000208579,1
8900000209705,1
8900000211630,1
8900000211654,1
8900000212460,1
8900000214044,1
8900000214051,1
8900000214525,1
8900000215089,1
8900000215584,1
8900000215706,1
8900000215744,1
8900000216000,1
8900000216017,1
8900000216857,1
8900000216864,1
8900000216925,1
8900000216932,1
8900000217380,1
8900000217748,1
8900000217779,1
8900000217793,1
8900000217809,1
8900000218165,1
8900000218202,1
8900000218622,1
8900000219384,1
8900000219421,1
8900000219629,1
8900000220434,1
8900000220489,1
8900000221332,1
8900000221417,1
8900000221721,1
8900000222049,1
8900000222087,1
8900000222094,1
8900000222100,1
8900000222698,1
8900000222872,1
8900000222889,1
8900000222919,1
8900000222926,1
8900000222933,1
8900000222940,1
8900000222957,1
8900000222964,1
8900000222971,1
8900000223251,1
8900000223329,1
8900000223398,1
8900000223404,1
8900000223480,1
8900000223633,1
8900000223718,1
8900000223725,1
8900000223787,1
8900000223794,1
8900000223800,1
8900000224159,1
8900000224166,1
8900000224227,1
8900000224265,1
8900000224302,1
8900000224319,1
8900000224326,1
8900000224333,1
8900000224593,1
8900000224746,1
8900000224951,1
8900000224975,1
8900000225330,1
8900000226009,1
8900000226160,1
8900000226238,1
8900000226245,1
8900000226337,1
8900000226429,1
8900000226504,1
8900000226511,1
8900000226528,1
8900000226597,1
8900000226603,1
8900000226771,1
8900000227099,1
8900000227686,1
8900000227693,1
8900000227709,1
8900000227716,1
8900000227921,1
8900000227983,1
8900000228102,1
8900000228126,1
8900000228133,1
8900000228140,1
8900000228331,1
8900000228379,1
8900000228416,1
8900000228454,1
8900000228522,1
8900000228805,1
8900000229086,1
8900000229734,1
8900000229802,1
8900000229963,1
8900000230396,1
8900000230402,1
8900000230419,1
8900000231249,1
8900000231256,1
8900000231287,1
8900000231294,1
8900000231300,1
8900000231317,1
8900000231324,1
8900000232130,1
8900000232147,1
8900000232154,1
8900000232161,1
8900000232185,1
8900000232192,1
8900000232208,1
8900000232239,1
8900000232246,1
8900000232253,1
8900000232260,1
8900000232284,1
8900000232291,1
8900000232307,1
8900000232314,1
8900000233045,1
8900000233052,1
8900000233069,1
8900000233533,1
8900000233717,1
8900000233724,1
8900000233939,1
8900000233946,1
8900000234165,1
8900000234219,1
8900000234226,1
8900000234318,1
8900000234646,1
8900000234769,1
8900000235124,1
8900000235209,1
8900000235377,1
8900000235469,1
8900000235766,1
8900000236220,1
8900000236725,1
8900000236978,1
8900000237272,1
8900000237340,1
8900000237814,1
8900000237845,1
8900000237951,1
8900000238002,1
8900000238521,1
8900000238606,1
8900000239016,1
8900000240166,1
8900000240340,1
8900000240388,1
8900000240456,1
8900000240869,1
8900000241057,1
8900000241101,1
8900000241279,1
8900000241286,1
8900000241293,1
8900000241316,1
8900000241323,1
8900000241330,1
8900000241354,1
8900000241361,1
8900000241378,1
8900000241392,1
8900000241408,1
8900000241415,1
8900000241538,1
8900000241552,1
8900000241569,1
8900000241576,1
8900000241583,1
8900000241606,1
8900000241613,1
8900000241620,1
8900000241637,1
8900000241644,1
8900000241651,1
8900000241668,1
8900000241682,1
8900000241699,1
8900000241705,1
8900000241712,1
8900000241729,1
8900000241736,1
8900000241767,1
8900000241774,1
8900000241880,1
8900000242238,1
8900000242283,1
8900000242306,1
8900000242313,1
8900000242320,1
8900000242337,1
8900000242351,1
8900000242368,1
8900000242375,1
8900000242382,1
8900000242399,1
8900000242405,1
8900000242436,1
8900000242443,1
8900000242467,1
8900000242474,1
8900000242481,1
8900000242511,1
8900000242542,1
8900000242627,1
8900000242894,1
8900000242900,1
8900000242948,1
8900000243013,1
8900000243051,1
8900000243075,1
8900000243174,1
8900000243259,1
8900000243341,1
8900000243792,1
8900000243808,1
8900000243815,1
8900000243822,1
8900000243839,1
8900000243846,1
8900000243853,1
8900000243860,1
8900000243877,1
8900000243884,1
8900000243891,1
8900000243907,1
8900000243914,1
8900000243921,1
8900000243938,1
8900000243945,1
8900000243976,1
8900000244010,1
8900000244119,1
8900000244126,1
8900000244133,1
8900000244140,1
8900000244157,1
8900000244164,1
8900000244171,1
8900000244188,1
8900000244430,1
8900000244447,1
8900000244454,1
8900000244461,1
8900000244478,1
8900000244485,1
8900000244492,1
8900000244508,1
8900000244546,1
8900000244584,1
8900000244591,1
8900000244621,1
8900000244638,1
8900000244645,1
8900000244652,1
8900000244669,1
8900000244676,1
8900000244683,1
8900000244690,1
8900000244706,1
8900000244713,1
8900000244751,1
8900000244799,1
8900000244805,1
8900000244812,1
8900000244829,1
8900000244836,1
8900000244843,1
8900000244850,1
8900000244867,1
8900000244874,1
8900000244881,1
8900000244898,1
8900000244904,1
8900000244935,1
8900000244966,1
8900000244973,1
8900000244980,1
8900000244997,1
8900000245000,1
8900000245017,1
8900000245024,1
8900000245031,1
8900000245048,1
8900000245055,1
8900000245062,1
8900000245079,1
8900000245093,1
8900000245109,1
8900000245123,1
8900000245130,1
8900000245147,1
8900000245161,1
8900000245178,1
8900000245185,1
8900000245345,1
8900000245369,1
8900000245376,1
8900000245383,1
8900000245390,1
8900000245406,1
8900000245413,1
8900000245420,1
8900000245437,1
8900000245482,1
8900000245499,1
8900000245505,1
8900000245512,1
8900000245529,1
8900000245536,1
8900000245543,1
8900000245550,1
8900000245598,1
8900000245635,1
8900000245802,1
8900000245819,1
8900000245826,1
8900000245833,1
8900000245840,1
8900000245857,1
8900000245864,1
8900000245871,1
8900000246304,1
8900000246311,1
8900000246410,1
8900000246458,1
8900000246465,1
8900000246472,1
8900000246489,1
8900000246496,1
8900000246625,1
8900000246632,1
8900000246649,1
8900000246694,1
8900000246731,1
8900000246847,1
8900000247080,1
8900000247387,1
8900000247394,1
8900000247400,1
8900000247509,1
8900000247516,1
8900000247523,1
8900000247530,1
8900000247547,1
8900000247554,1
8900000247561,1
8900000247578,1
8900000248209,1
8900000248216,1
8900000248254,1
8900000248278,1
8900000248285,1
8900000248292,1
8900000248308,1
8900000248759,1
8900000248766,1
8900000248773,1
8900000248834,1
8900000248841,1
8900000248858,1
8900000248865,1
8900000248919,1
8900000248926,1
8900000248933,1
8900000248940,1
8900000248995,1
8900000249008,1
8900000249015,1
8900000249022,1
8900000249459,1
8900000249466,1
8900000249473,1
8900000249480,1
8900000249497,1
8900000249503,1
8900000249510,1
8900000249527,1
8900000249534,1
8900000249541,1
8900000249558,1
8900000249565,1
8900000249572,1
8900000249589,1
8900000249596,1
8900000249602,1
8900000249619,1
8900000249626,1
8900000249633,1
8900000249640,1
8900000249695,1
8900000249701,1
8900000249718,1
8900000249725,1
8900000250158,1
8900000250165,1
8900000250172,1
8900000250189,1
8900000250226,1
8900000250264,1
8900000250493,1
8900000250752,1
8900000250769,1
8900000250776,1
8900000250783,1
8900000250790,1
8900000250806,1
8900000250813,1
8900000250820,1
8900000250905,1
8900000250912,1
8900000250929,1
8900000250936,1
8900000250974,1
8900000251018,1
8900000251025,1
8900000251032,1
8900000251049,1
8900000251186,1
8900000251216,1
8900000251292,1
8900000251308,1
8900000251315,1
8900000251322,1
8900000251643,1
8900000251780,1
8900000251841,1
8900000251858,1
8900000251865,1
8900000251872,1
8900000251889,1
8900000251933,1
8900000252114,1
8900000252121,1
8900000252138,1
8900000252145,1
8900000252152,1
8900000252169,1
8900000252176,1
8900000252183,1
8900000252190,1
8900000252206,1
8900000252213,1
8900000252220,1
8900000252237,1
8900000252244,1
8900000252251,1
8900000252268,1
8900000252275,1
8900000252312,1
8900000252442,1
8900000252466,1
8900000252497,1
8900000252503,1
8900000252534,1
8900000252572,1
8900000252626,1
8900000252633,1
8900000252640,1
8900000252657,1
8900000252770,1
8900000252824,1
8900000252831,1
8900000252848,1
8900000252855,1
8900000252862,1
8900000252879,1
8900000252886,1
8900000252893,1
8900000253098,1
8900000253173,1
8900000253265,1
8900000253302,1
8900000253340,1
8900000253722,1
8900000254316,1
8900000254408,1
8900000254507,1
8900000254514,1
8900000254521,1
8900000254538,1
8900000254729,1
8900000254866,1
8900000254873,1
8900000254903,1
8900000254910,1
8900000255405,1
8900000255955,1
8900000184774,1
8900000255498,1
8900000255542,1
8900000256983,1
8900000256990,1
8900000257003,1
8900000257010,1
8900000257027,1
8900000256907,1
8900000166435,1
8900000256013,1
8900000256020,1
8900000256174,1
8900000255641,1
8900000255658,1
8900000255719,1
8900000163410,1
8900000163328,1
8900000163335,1
8900000233953,1
8900000253319,1
8900000253388,1
8900000215478,1
8900000215485,1
8900000215492,1
8900000215508,1
8900000215515,1
8900000215522,1
8900000215539,1
8900000215546,1
8900000252909,1
8900000252978,1
8900000256075,1
8900000257829,1
8900000257836,1
8900000257843,1
8900000257850,1
8900000257867,1
8900000257874,1
8900000257881,1
8900000257898,1
8900000257133,1
8900000257171,1
8900000257041,1
8900000257089,1
8900000258055,1
8900000258062,1
8900000258079,1
8900000258086,1
8900000258093,1
8900000258109,1
8900000258116,1
8900000258123,1
8900000257676,1
8900000257683,1
8900000257690,1
8900000257706,1
8900000257713,1
8900000257720,1
8900000257973,1
8900000257980,1
8900000257997,1
8900000258000,1
8900000258017,1
8900000258024,1
8900000258031,1
8900000258048,1
8900000258130,1
8900000258147,1
8900000258154,1
8900000258161,1
8900000258178,1
8900000258185,1
8900000258192,1
8900000258208,1
8900000256518,1
8900000257737,1
8900000257744,1
8900000257751,1
8900000257768,1
8900000257775,1
8900000257782,1
8900000257799,1
8900000257812,1
8900000258215,1
8900000247264,1
8900000257577,1
8900000257584,1
8900000257591,1
8900000257607,1
8900000257614,1
8900000257621,1
8900000257638,1
8900000257645,1
8900000257652,1
8900000258352,1
8900000258369,1
8900000258376,1
8900000256389,1
8900000256396,1
8900000256402,1
8900000256457,1
8900000256464,1
8900000256471,1
8900000246151,1
8900000257553,1
8900000257560,1
8900000256303,1
8900000256310,1
8900000256327,1
8900000256334,1
8900000256341,1
8900000258758,1
8900000258765,1
8900000258772,1
8900000258789,1
8900000258635,1
8900000258642,1
8900000258659,1
8900000258666,1
8900000258673,1
8900000258680,1
8900000258697,1
8900000256259,1
8900000256266,1
8900000258710,1
8900000258727,1
8900000258734,1
8900000258741,1
8900000258260,1
8900000258277,1
8900000258284,1
8900000258291,1
8900000258307,1
8900000258314,1
8900000258321,1
8900000258338,1
8900000257270,1
8900000257287,1
8900000257195,1
8900000257201,1
8900000257348,1
8900000257355,1
8900000257362,1
8900000258574,1
8900000258581,1
8900000258598,1
8900000258604,1
8900000258802,1
8900000258819,1
8900000258826,1
8900000258833,1
8900000258840,1
8900000258857,1
8900000258864,1
8900000259090,1
8900000259106,1
8900000258987,1
8900000258994,1
8900000259007,1
8900000259014,1
8900000259021,1
8900000259038,1
8900000259045,1
8900000259380,1
8900000259397,1
8900000259403,1
8900000259410,1
8900000259137,1
8900000259144,1
8900000259151,1
8900000259168,1
8900000259175,1
8900000259182,1
8900000259199,1
8900000259205,1
8900000259212,1
8900000259229,1
8900000259236,1
8900000259243,1
8900000259250,1
8900000259267,1
8900000259274,1
8900000259281,1
8900000157587,1
8900000189342,1
8900000259502,1
8900000259519,1
8900000259526,1
8900000259533,1
8900000259540,1
8900000259557,1
8900000259564,1
8900000259571,1
8900000259465,1
8900000259472,1
8900000259489,1
8900000259427,1
8900000259434,1
8900000259441,1
8900000259588,1
8900000259595,1
8900000259601,1
8900000259625,1
8900000259632,1
8900000259649,1
8900000258895,1
8900000258901,1
8900000258918,1
8900000258925,1
8900000258932,1
8900000258949,1
8900000258956,1
8900000258963,1
8900000258413,1
8900000258420,1
8900000258437,1
8900000258444,1
8900000258451,1
8900000258468,1
8900000258475,1
8900000260645,1
8900000260652,1
8900000260669,1
8900000260676,1
8900000260683,1
8900000260690,1
8900000260706,1
8900000260713,1
8900000259663,1
8900000259670,1
8900000259687,1
8900000259694,1
8900000259700,1
8900000259717,1
8900000259724,1
8900000259731,1
8900000256099,1
8900000256105,1
8900000256112,1
8900000256129,1
8900000256136,1
8900000259892,1
8900000259908,1
8900000259915,1
8900000259922,1
8900000259939,1
8900000259960,1
8900000259977,1
8900000259984,1
8900000259991,1
8900000260003,1
8900000259304,1
8900000259311,1
8900000259328,1
8900000259335,1
8900000259342,1
8900000259359,1
8900000259366,1
8900000259823,1
8900000259830,1
8900000259847,1
8900000259854,1
8900000259861,1
8900000258482,1
8900000258499,1
8900000258505,1
8900000258512,1
8900000258529,1
8900000258536,1
8900000258543,1
8900000260447,1
8900000260454,1
8900000260461,1
8900000260478,1
8900000260485,1
8900000260584,1
8900000260591,1
8900000260607,1
8900000260614,1
8900000260621,1
8900000260195,1
8900000260201,1
8900000260218,1
8900000260225,1
8900000260232,1
8900000260249,1
8900000260256,1
8900000260270,1
8900000260287,1
8900000260294,1
8900000260300,1
8900000260317,1
8900000260324,1
8900000260331,1
8900000260348,1
8900000260034,1
8900000260041,1
8900000260058,1
8900000260065,1
8900000260072,1
8900000260102,1
8900000260119,1
8900000260126,1
8900000260133,1
8900000260140,1
8900000260157,1
8900000260164,1
8900000260515,1
8900000260522,1
8900000260539,1
8900000260546,1
8900000260553,1
8900000260355,1
8900000260362,1
8900000260379,1
8900000260386,1
8900000260393,1
8900000260409,1
8900000260416,1
8900000260423,1
