lksolapur,
8900000183708,2
8900000183746,2
8900000290505,2
8900000311095,2
8900000314294,2
8900000323395,2
8900000356034,2
8900000356072,2
8900000357161,2
8900000369676,2
8900000376735,2
8900000379477,2
8900000379590,2
8900000381296,2
8900000381333,2
8900000381715,2
8900000381753,2
8900000383344,2
8900000386895,2
8900000388479,2
8900000398072,2
8900000398515,2
8900000399390,2
8900000399697,2
8900000401482,2
8900000403042,2
8900000404186,2
8900000405374,2
8900000405756,2
8900000406067,2
8900000406555,2
8900000406623,2
8900000406784,2
8900000406982,2
8900000407996,2
8900000408221,2
8900000408306,2
8900000408740,2
8900000408863,2
8900000409709,2
8900000411344,2
8900000411665,2
8900000412822,2
8900000413102,2
8900000413461,2
8900000413652,2
8900000415267,2
8900000415984,2
8900000419999,2
8900000420032,2
8900000420070,2
8900000420117,2
8900000420353,2
8900000420483,2
8900000420520,2
8900000420568,2
8900000420605,2
8900000421282,2
8900000421329,2
8900000421534,2
8900000421572,2
8900000421619,2
8900000421657,2
8900000421695,2
8900000421732,2
8900000281701,2
8900000290512,2
8900000306954,2
8900000308194,2
8900000323401,2
8900000336425,2
8900000344291,2
8900000351329,2
8900000351640,2
8900000355884,2
8900000356041,2
8900000369683,2
8900000369720,2
8900000371372,2
8900000373697,2
8900000381302,2
8900000381340,2
8900000384488,2
8900000386062,2
8900000387977,2
8900000388707,2
8900000388714,2
8900000388776,2
8900000389025,2
8900000390847,2
8900000395453,2
8900000400713,2
8900000402151,2
8900000402571,2
8900000406999,2
8900000408757,2
8900000409877,2
8900000410439,2
8900000411436,2
8900000411634,2
8900000412471,2
8900000413119,2
8900000413478,2
8900000413669,2
8900000413706,2
8900000413744,2
8900000414109,2
8900000415519,2
8900000418572,2
8900000420001,2
8900000420049,2
8900000420087,2
8900000420124,2
8900000420360,2
8900000420490,2
8900000420537,2
8900000420575,2
8900000420612,2
8900000421299,2
8900000421336,2
8900000421541,2
8900000421589,2
8900000421626,2
8900000421664,2
8900000421701,2
8900000421749,2
8900000323418,2
8900000323456,2
8900000355891,2
8900000369690,2
8900000375653,2
8900000381319,2
8900000381357,2
8900000383054,2
8900000384839,2
8900000384907,2
8900000385324,2
8900000385485,2
8900000386239,2
8900000387076,2
8900000388455,2
8900000389070,2
8900000389230,2
8900000389278,2
8900000390045,2
8900000391165,2
8900000392315,2
8900000396689,2
8900000396801,2
8900000399871,2
8900000401796,2
8900000402267,2
8900000403875,2
8900000406883,2
8900000408016,2
8900000408092,2
8900000408481,2
8900000408764,2
8900000409167,2
8900000410040,2
8900000410446,2
8900000411368,2
8900000411887,2
8900000412044,2
8900000412921,2
8900000413485,2
8900000420018,2
8900000420056,2
8900000420094,2
8900000420131,2
8900000420377,2
8900000420506,2
8900000420544,2
8900000420582,2
8900000420629,2
8900000421305,2
8900000421343,2
8900000421558,2
8900000421633,2
8900000421718,2
8900000421756,2
8900000248186,1
8900000359875,1
8900000369706,1
8900000369744,1
8900000381326,1
8900000381364,1
8900000384020,1
8900000388103,1
8900000395354,1
8900000399383,1
8900000405787,1
8900000406654,1
8900000406852,1
8900000407019,1
8900000407989,1
8900000408108,1
8900000409174,1
8900000409211,1
8900000410453,1
8900000414000,1
8900000414628,1
8900000420025,1
8900000420063,1
8900000420100,1
8900000420148,1
8900000420384,1
8900000420513,1
8900000420551,1
8900000420599,1
8900000420636,1
8900000421350,1
8900000421565,1
8900000421602,1
8900000421640,1
8900000421688,1
8900000421725,1
8900000421763,1
8900000395644,1
8900000396085,1
8900000401345,1
8900000416509,1
8900000416592,1
8900000416806,1
8900000417025,1
8900000417254,1
8900000417346,1
8900000417414,1
8900000417483,1
8900000354061,1
8900000354597,1
8900000355716,1
8900000356553,1
8900000359141,1
8900000359233,1
8900000396092,1
8900000396603,1
8900000403615,1
8900000405084,1
8900000406227,1
8900000416516,1
8900000416608,1
8900000416745,1
8900000416905,1
8900000417032,1
8900000417193,1
8900000417261,1
8900000417353,1
8900000417421,1
8900000417490,1
8900000354603,2
8900000355723,2
8900000356560,2
8900000359158,2
8900000361434,2
8900000361960,2
8900000363544,2
8900000380466,2
8900000380602,2
8900000384402,2
8900000387816,2
8900000398737,2
8900000403622,2
8900000405091,2
8900000407361,2
8900000416523,2
8900000416615,2
8900000416752,2
8900000416912,2
8900000417049,2
8900000417209,2
8900000417438,2
8900000417506,2
8900000417575,2
8900000418961,2
8900000356577,2
8900000361441,2
8900000361625,2
8900000363551,2
8900000379286,2
8900000380473,2
8900000380541,2
8900000380619,2
8900000403639,2
8900000405107,2
8900000416622,2
8900000416769,2
8900000417445,2
8900000417513,2
8900000417582,2
8900000346554,2
8900000354092,2
8900000356584,2
8900000380558,2
8900000380626,2
8900000381913,2
8900000396429,2
8900000403646,2
8900000404155,2
8900000405114,2
8900000407316,2
8900000416776,2
8900000416936,2
8900000417520,2
8900000417599,2
8900000418985,2
8900000419302,2
8900000354108,1
8900000355754,1
8900000356591,1
8900000359271,1
8900000361465,1
8900000361649,1
8900000361991,1
8900000380350,1
8900000380497,1
8900000380633,1
8900000403653,1
8900000405121,1
8900000416714,1
8900000416943,1
8900000417230,1
8900000417469,1
8900000417537,1
8900000417605,1
8900000418992,1
8900000419319,1
8900000330737,1
8900000354115,1
8900000354641,1
8900000355396,1
8900000355761,1
8900000356607,1
8900000359288,1
8900000361472,1
8900000361687,1
8900000362004,1
8900000363582,1
8900000379224,1
8900000380367,1
8900000380640,1
8900000396580,1
8900000396658,1
8900000403660,1
8900000405138,1
8900000416561,1
8900000416653,1
8900000416950,1
8900000417087,1
8900000417247,1
8900000417315,1
8900000417544,1
8900000417612,1
8900000419326,1
