shreesamarth,
8900000189090,1
8900000243181,1
8900000252916,1
8900000252923,1
8900000253340,1
8900000253357,1
8900000255658,1
8900000258802,1
8900000258819,1
8900000283866,1
8900000292097,1
8900000293575,1
8900000305650,1
8900000308637,1
8900000311408,1
8900000313754,1
8900000317646,1
8900000317653,1
8900000317660,1
8900000317677,1
8900000317936,1
8900000317943,1
8900000317950,1
8900000317967,1
8900000318285,1
8900000318292,1
8900000318308,1
8900000318315,1
8900000319961,1
8900000319978,1
8900000319985,1
8900000319992,1
8900000320035,1
8900000320042,1
8900000320059,1
8900000320066,1
8900000320134,1
8900000320141,1
8900000320158,1
8900000320165,1
8900000320387,1
8900000320394,1
8900000320400,1
8900000320417,1
8900000322473,1
8900000007752,1
8900000052165,1
8900000067237,1
8900000067251,1
8900000067329,1
8900000070732,1
8900000080953,1
8900000157464,1
8900000157471,1
8900000157488,1
8900000157563,1
8900000157570,1
8900000165001,1
8900000165049,1
8900000165063,1
8900000165070,1
8900000166985,1
8900000167500,1
8900000169108,1
8900000170180,1
8900000170739,1
8900000171064,1
8900000174942,1
8900000175338,1
8900000179107,1
8900000180424,1
8900000183708,1
8900000183722,1
8900000183746,1
8900000183753,1
8900000183777,1
8900000189311,1
8900000189342,1
8900000193806,1
8900000194179,1
8900000206858,1
8900000208364,1
8900000209873,1
8900000209880,1
8900000217472,1
8900000220588,1
8900000220618,1
8900000320400,1
8900000320417,1
8900000322473,1
8900000322480,1
8900000322497,1
8900000322503,1
8900000322541,1
8900000322558,1
8900000322565,1
8900000322572,1
8900000322695,1
8900000322701,1
8900000322718,1
8900000322725,1
8900000323081,1
