ambekar,
8900000130542,1
8900000130566,1
8900000130597,1
8900000130610,1
8900000183708,1
8900000183746,1
8900000189311,1
8900000247431,1
8900000247448,1
8900000247455,1
8900000248186,1
8900000252718,1
8900000252732,1
8900000262922,1
8900000262939,1
8900000262946,1
8900000262953,1
8900000281701,1
8900000290505,1
8900000290512,1
8900000306954,1
8900000308194,1
8900000309375,1
8900000311095,1
8900000314294,1
8900000315383,1
8900000315390,1
8900000315406,1
8900000315413,1
8900000315420,1
8900000315444,1
8900000319404,1
8900000323395,1
8900000323418,1
8900000323456,1
8900000325412,1
8900000330393,1
8900000330409,1
8900000330416,1
8900000330430,1
8900000330447,1
8900000330454,1
8900000330461,1
8900000335961,1
8900000336425,1
8900000339259,1
8900000344291,1
8900000344857,1
8900000345755,1
8900000349548,1
8900000350926,1
8900000350933,1
8900000350940,1
8900000350964,1
8900000350971,1
8900000350988,1
8900000350995,1
8900000351329,1
8900000351640,1
8900000354788,1
8900000355884,1
8900000355891,1
8900000356072,1
8900000357161,1
8900000359721,1
8900000359738,1
8900000359745,1
8900000359752,1
8900000359776,1
8900000363896,1
8900000364336,1
8900000364527,1
8900000364534,1
8900000365494,1
8900000365500,1
8900000365517,1
8900000369676,1
8900000369683,1
8900000369690,1
8900000369706,1
8900000369720,1
8900000369744,1
8900000371372,1
8900000373086,1
8900000373109,1
8900000373116,1
8900000373123,1
8900000373697,1
8900000374359,1
8900000374373,1
8900000374397,1
8900000374403,1
8900000376735,1
8900000377831,1
8900000379477,1
8900000379590,1
8900000380930,1
8900000380947,1
8900000380954,1
8900000380961,1
8900000380978,1
8900000380985,1
8900000380992,1
8900000381296,1
8900000381302,1
8900000381319,1
8900000381326,1
8900000381333,1
8900000381340,1
8900000381357,1
8900000381364,1
8900000383108,1
8900000383115,1
8900000383122,1
8900000383139,1
8900000383160,1
8900000386505,1
8900000387526,1
8900000387977,1
8900000388417,1
8900000388707,1
8900000388714,1
8900000388776,1
8900000389278,1
8900000389438,1
8900000390199,1
8900000390229,1
8900000392643,1
8900000393633,1
8900000394159,1
8900000395545,1
8900000396795,1
8900000397129,1
8900000397822,1
8900000399185,1
8900000399666,1
8900000399802,1
8900000399819,1
8900000399826,1
8900000399833,1
8900000399840,1
8900000399864,1
8900000399871,1
8900000399888,1
8900000400201,1
8900000400218,1
8900000400768,1
8900000401314,1
8900000402267,1
8900000402298,1
8900000402588,1
8900000403042,1
8900000403127,1
8900000403974,1
8900000404247,1
8900000405152,1
8900000405442,1
8900000405824,1
8900000407866,1
8900000408306,1
8900000408894,1
8900000409006,1
8900000409051,1
8900000409136,1
8900000409235,1
8900000409303,1
8900000409549,1
8900000409563,1
8900000409570,1
8900000409587,1
8900000409600,1
8900000409617,1
8900000409686,1
8900000409693,1
8900000409709,1
8900000409792,1
8900000409808,1
8900000409815,1
8900000409839,1
8900000409945,1
8900000410194,1
8900000410200,1
8900000410217,1
8900000410316,1
8900000410323,1
8900000410446,1
8900000410453,1
8900000410859,1
8900000410996,1
8900000411009,1
8900000411016,1
8900000411030,1
8900000411047,1
8900000411689,1
8900000411733,1
8900000412471,1
8900000413027,1
8900000413041,1
8900000413058,1
8900000413478,1
8900000414871,1
8900000415229,1
8900000415250,1
8900000415267,1
8900000415281,1
8900000415298,1
8900000415427,1
8900000415458,1
8900000415472,1
8900000415489,1
8900000415496,1
8900000415632,1
8900000415670,1
8900000415687,1
8900000415700,1
8900000415717,1
8900000415762,1
8900000418428,1
8900000418497,1
8900000418640,1
8900000418879,1
8900000418886,1
8900000418893,1
8900000418909,1
8900000418923,1
8900000418930,1
8900000419791,1
8900000419807,1
8900000420094,1
8900000420100,1
8900000420117,1
8900000420148,1
8900000420377,1
8900000421145,1
8900000421299,1
8900000421305,1
8900000422159,1
8900000422289,1
8900000422302,1
8900000422692,1
8900000422975,1
8900000424368,1
8900000425495,1
8900000425716,1
8900000425754,1
8900000425785,1
8900000426034,1
8900000426157,1
8900000426164,1
8900000426423,1
8900000426614,1
8900000426621,1
8900000426638,1
8900000426645,1
8900000426652,1
8900000426669,1
8900000427338,1
8900000427369,1
8900000427529,1
8900000428045,1
8900000428052,1
8900000428090,1
8900000428762,1
8900000429110,1
8900000429127,1
8900000429158,1
8900000429172,1
8900000429714,1
8900000429721,1
8900000429738,1
8900000429950,1
8900000429981,1
8900000430024,1
8900000430246,1
8900000431328,1
8900000431793,1
8900000431816,1
8900000431823,1
8900000431830,1
8900000431847,1
8900000431854,1
8900000431861,1
8900000431878,1
8900000431885,1
8900000431892,1
8900000431915,1
8900000431922,1
8900000431984,1
8900000432639,1
8900000432646,1
8900000432806,1
8900000432882,1
8900000432912,1
8900000433209,1
8900000433513,1
8900000433544,1
8900000433568,1
8900000433629,1
8900000434169,1
8900000434183,1
8900000434206,1
8900000434213,1
8900000434299,1
8900000434503,1
8900000434558,1
8900000434725,1
8900000434732,1
8900000434749,1
8900000435241,1
8900000435258,1
8900000435265,1
8900000435326,1
8900000435333,1
8900000435340,1
8900000435517,1
8900000435531,1
8900000435821,1
8900000435845,1
8900000435890,1
8900000435906,1
8900000435913,1
8900000436309,1
8900000436347,1
8900000436361,1
8900000436446,1
8900000436453,1
8900000436460,1
8900000436484,1
8900000436491,1
8900000436521,1
8900000436613,1
8900000436675,1
8900000436712,1
8900000436927,1
8900000436941,1
8900000436958,1
8900000436965,1
8900000437177,1
8900000437184,1
8900000437214,1
8900000437320,1
8900000437399,1
8900000437504,1
8900000437566,1
8900000437603,1
8900000437627,1
8900000437658,1
8900000437665,1
8900000437672,1
8900000437689,1
8900000437719,1
8900000437733,1
8900000437757,1
8900000437764,1
8900000437771,1
8900000437795,1
8900000438563,1
8900000438570,1
8900000438594,1
8900000438723,1
8900000438884,1
8900000439683,1
8900000439690,1
8900000439935,1
8900000440009,1
8900000440016,1
8900000440030,1
8900000440191,1
8900000440221,1
8900000440238,1
8900000440641,1
8900000440658,1
8900000440696,1
8900000440719,1
8900000440726,1
8900000440894,1
8900000440962,1
8900000440993,1
8900000441006,1
8900000441013,1
8900000441167,1
8900000441600,1
8900000441617,1
8900000442287,1
8900000442317,1
8900000442355,1
8900000442584,1
8900000442768,1
8900000442775,1
8900000442782,1
8900000442799,1
8900000442843,1
8900000445028,1
8900000445042,1
8900000445066,1
8900000445073,1
8900000445097,1
8900000445134,1
8900000445172,1
8900000445189,1
8900000445196,1
8900000445202,1
8900000445394,1
8900000445585,1
8900000445592,1
8900000445608,1
8900000445738,1
8900000445776,1
8900000445851,1
8900000445868,1
8900000445875,1
8900000446476,1
8900000446759,1
8900000446766,1
8900000446797,1
8900000446810,1
8900000446889,1
8900000446896,1
8900000446902,1
8900000446919,1
8900000447046,1
8900000447053,1
8900000447060,1
8900000447077,1
8900000447084,1
8900000447091,1
8900000447107,1
8900000447114,1
8900000448203,1
8900000448210,1
8900000448227,1
8900000448234,1
8900000448258,1
8900000448265,1
8900000448272,1
8900000448289,1
8900000448296,1
8900000448302,1
8900000448319,1
8900000448364,1
8900000448371,1
8900000448388,1
8900000448395,1
8900000448432,1
8900000448470,1
8900000448678,1
8900000448975,1
8900000448982,1
8900000449064,1
8900000449071,1
8900000449118,1
8900000449200,1
8900000449248,1
8900000449316,1
8900000449385,1
8900000449767,1
8900000449774,1
8900000449781,1
8900000449842,1
8900000449859,1
8900000449866,1
8900000449873,1
8900000449989,1
8900000449996,1
8900000450008,1
8900000450022,1
8900000450121,1
8900000450138,1
8900000450145,1
8900000450206,1
8900000450244,1
8900000450282,1
8900000450305,1
8900000450329,1
8900000450336,1
8900000450343,1
8900000450367,1
8900000450374,1
8900000450381,1
8900000450398,1
8900000450442,1
8900000450459,1
8900000450497,1
8900000450558,1
8900000450602,1
8900000450619,1
8900000450633,1
8900000450688,1
8900000451432,1
8900000451500,1
8900000451517,1
8900000451524,1
8900000451555,1
8900000451579,1
8900000451661,1
8900000451678,1
8900000451685,1
8900000451708,1
8900000451715,1
8900000451722,1
8900000451739,1
8900000451746,1
8900000451753,1
8900000451760,1
8900000451777,1
8900000451821,1
8900000451869,1
8900000451876,1
8900000451883,1
8900000451890,1
8900000451920,1
8900000451944,1
8900000451968,1
8900000451982,1
8900000451999,1
8900000452002,1
8900000452026,1
8900000452033,1
8900000452040,1
8900000452057,1
8900000452064,1
8900000452071,1
8900000452088,1
8900000452095,1
8900000452101,1
8900000452118,1
8900000452125,1
8900000452163,1
8900000452170,1
8900000452187,1
8900000452309,1
8900000452323,1
8900000452354,1
8900000452361,1
8900000452422,1
8900000452439,1
8900000452477,1
8900000452491,1
8900000452507,1
8900000452583,1
8900000452590,1
8900000452620,1
8900000452637,1
8900000452644,1
8900000452651,1
8900000452668,1
8900000452675,1
8900000452682,1
8900000452705,1
8900000452712,1
8900000452736,1
8900000452743,1
8900000452767,1
8900000452781,1
8900000452835,1
8900000452873,1
8900000452965,1
8900000452989,1
8900000452996,1
8900000453009,1
8900000453023,1
8900000453061,1
8900000453108,1
8900000453115,1
8900000453122,1
8900000453139,1
8900000453160,1
8900000453177,1
8900000453276,1
8900000453283,1
8900000453290,1
8900000453344,1
8900000453351,1
8900000453368,1
8900000453399,1
8900000453429,1
8900000453436,1
8900000453474,1
8900000453481,1
8900000453504,1
8900000453511,1
8900000453542,1
8900000453573,1
8900000453740,1
8900000453757,1
8900000453764,1
8900000453771,1
8900000453788,1
8900000453795,1
8900000453801,1
8900000453832,1
8900000453856,1
8900000453863,1
8900000453870,1
8900000453900,1
8900000453924,1
8900000453948,1
8900000454211,1
8900000454259,1
8900000454297,1
8900000454310,1
8900000454501,1
8900000454518,1
8900000454679,1
8900000454709,1
8900000454716,1
8900000454815,1
8900000454877,1
8900000454891,1
8900000454938,1
8900000454976,1
8900000455133,1
8900000455171,1
8900000455249,1
8900000455256,1
8900000455263,1
8900000455300,1
8900000455379,1
8900000455416,1
8900000455447,1
8900000455775,1
8900000455782,1
8900000455850,1
8900000455867,1
8900000455874,1
8900000455898,1
8900000455928,1
8900000455935,1
8900000455942,1
8900000456024,1
8900000456130,1
8900000456147,1
8900000456178,1
8900000456291,1
8900000456338,1
8900000456376,1
8900000456413,1
8900000456420,1
8900000456512,1
