elegantenterprises,
8900000431854,1
8900000427055,1
8900000436101,1
8902001877150,1
8900000433308,1
8902001790961,1
8900000435500,1
8900000435999,1
8900000434749,1
8900000436057,1
8900000427000,1
8900000424740,1
8900000363551,1
8900000432103,1
8900000384358,1
8900000426386,1
8900000434930,1
8902001884134,1
8900000413058,1
8900000433476,1
8900000362141,1
8902001623955,1
8900000435524,1
8900000433322,1
8900000435326,1
8900000432073,1
8900000430703,1
8900000435975,1
8900000433636,1
8900000435838,1
8900000435739,1
8902001877143,1
8900000419968,1
8900000428670,1
8900000403493,1
8900000431915,1
8900000416912,1
8900000381494,1
8900000433582,1
8900000424771,1
8900000435869,1
8900000417254,1
8900000432097,1
8900000362103,1
8900000433339,1
8900000392483,1
8900000423576,1
8900000431823,1
8900000436040,1
8900000434848,1
8900000435005,1
8900000433315,1
8900000423484,1
8900000430680,1
8900000434978,1
8900000417940,1
8900000421657,1
8900000435012,1
8900000392506,1
8900000433490,1
8900000429073,1
8900000375226,1
8900000434831,1
8900000408023,1
8900000435425,1
8900000433612,1
8900000359219,1
8900000346554,1
8900000418619,1
8900000430123,1
8900000434992,1
8900000435067,1
8900000425242,1
8900000418602,1
8900000429110,1
8900000434770,1
8900000435692,1
8900000434947,1
8900000416745,1
8900000416806,1
8900000418626,1
8900000434794,1
8900000436118,1
8900000434879,1
8900000397587,1
8900000419920,1
8900000380411,1
8900000431885,1
8900000408764,1
8900000420278,1
8900000435685,1
8900000425181,1
8900000434954,1
8900000419944,1
8900000425198,1
8900000381517,1
8900000432141,1
8900000432066,1
8900000425228,1
8900000418633,1
8900000435876,1
8900000380428,1
8900000431861,1
8900000431830,1
8900000408016,1
8900000395057,1
8900000435180,1
8900000435043,1
8900000433353,1
8900000433391,1
8900000430178,1
8900000350742,1
8900000436194,1
8900000424788,1
8900000431939,1
8900000432080,1
8900000428694,1
8900000424795,1
8900000434725,1
8900000433438,1
8900000435647,1
8900000435913,1
8900000431878,1
8900000423606,1
8900000252718,1
8900000419111,1
8900000433544,1
8900000421183,1
8900000417902,1
8900000433469,1
8900000423569,1
8900000433377,1
8900000407996,1
8900000435845,1
8900000433360,1
8900000425235,1
8900000433407,1
8900000385621,1
8900000435814,1
8900000419975,1
8900000431908,1
8900000433513,1
8900000435852,1
8900000394913,1
8900000420285,1
8900000435821,1
8900000419937,1
8900000433575,1
8900000432240,1
8900000418022,1
8900000431809,1
8900000362165,1
8900000433384,1
8900000425259,1
8900000433568,1
8900000433445,1
8900000436156,1
8900000433551,1
8900000433506,1
8900000436163,1
8900000435890,1
8900000433346,1
8900000417872,1
8900000433421,1
8900000428687,1
8900000417797,1
8900000388790,1
8900000421145,1
8900000406159,1
8902001884141,1
8900000433278,1
8900000425174,1
8900000404841,1
8900000432042,1
8900000419104,1
8900000350728,1
8900000433537,1
8900000394975,1
8900000419210,1
8900000432028,1
8900000417896,1
8900000433483,1
8900000403752,1
8900000397273,1
8900000397488,1
8900000431946,1
8900000431984,1
8900000385201,1
8900000394906,1
8900000435906,1
8900000418596,1
8900000391332,1
8900000406333,1
8900000431816,1
8900000394531,1
8900000419043,1
8900000403479,1
8900000417865,1
8900000415175,1
8900000420261,1
8900000394524,1
8900000404797,1
8900000436187,1
8900000425389,1
8900000423613,1
8900000403486,1
8900000385966,1
8900000404834,1
8900000432127,1
8900000406197,1
8900000419050,1
8900000380404,1
8900000395026,1
8900000405572,1
8900000431793,1
8900000392094,1
8900000420292,1
8900000405534,1
8900000395019,1
8900000419913,1
8900000391349,1
8900000431892,1
8900000403769,1
8900000406203,1
8900000406388,1
8900000405589,1
8902001884158,1
8900000388783,1
8900000394982,1
8900000421152,1
8900000406371,1
8900000436170,1
8900000420421,1
8900000421169,1
8900000432134,1
8900000436149,1
8900000420476,1
8900000431991,1
8900000395729,1
8900000432035,1
8900000385164,1
8900000433520,1
8900000421176,1
8900000432004,1
8900000434398,1
8900000392100,1
8900000423170,1
8900000423590,1
8900000435173,1
8900000434664,1
8900000432110,1
8900000434633,1
8900000385195,1
8900000434671,1
8900000418572,1
8900000423583,1
8900000434657,1
8900000423224,1
8900000436125,1
8900000420230,1
8900000431960,1
8900000420254,1
8900000434619,1
8900000434916,1
8900000396658,1
8900000435166,1
8900000434640,1
8900000435883,1
8900000432011,1
8900000435197,1
8900000434626,1
8900000435807,1
8900000436132,1
8900000385188,1
8900000420247,1
8900000425372,1
8900000386024,1
8900000434909,1
8900000434381,1
8900000434602,1
8900000431977,1
8900000420438,1
8900000415168,1
8900000385157,1
8900000420469,1
8902001884165,1
8900000434886,1
8900000434374,1
8900000431953,1
8900000423187,1
8900000434367,1
8900000434893,1
8900000388806,1
8900000420452,1
8900000423217,1
8900000425358,1
8900000420445,1
8900000425365,1
8900000385140,1
8900000423200,1
8900000423194,1
