jagrutcreation,
8900000116454,1
8900000216888,1
8900000247431,1
8900000257430,1
8900000263356,1
8900000266388,1
8900000301218,1
8900000305704,1
8900000306084,1
8900000309191,1
8900000309467,1
8900000312979,1
8900000312986,1
8900000312993,1
8900000313822,1
8900000325078,1
8900000325351,1
8900000325573,1
8900000328215,1
8900000330607,1
8900000330812,1
8900000331451,1
8900000339259,1
8900000339464,1
8900000339488,1
8900000341986,1
8900000342792,1
8900000344291,1
8900000344857,1
8900000351329,1
8900000353576,1
8900000353613,1
8900000353637,1
8900000354900,1
8900000355174,1
8900000355754,1
8900000355884,1
8900000356423,1
8900000356577,1
8900000358540,1
8900000358564,1
8900000361632,1
8900000364411,1
8900000364619,1
8900000364718,1
8900000364831,1
8900000365203,1
8900000365289,1
8900000365340,1
8900000365739,1
8900000365876,1
8900000365920,1
8900000367757,1
8900000368815,1
8900000369140,1
8900000369157,1
8900000369966,1
8900000370658,1
8900000371396,1
8900000371914,1
8900000373109,1
8900000377145,1
8900000378883,1
8900000389520,1
8900000389537,1
8900000389544,1
8900000391783,1
8900000391790,1
