8900000361090	4
8900000361083	2
8900000361076	7
8900000361069	13
8900000361052	1
8900000361007	25
8900000360994	54
8900000360987	52
8900000360970	29
8900000360888	2
8900000360871	2
8900000360864	5
8900000360857	8
8900000360840	11
8900000360833	15
8900000360826	10
8900000360819	7
8900000360802	5
8900000360796	6
8900000360789	8
8900000360772	12
8900000360765	14
8900000360758	10
8900000360741	9
8900000360734	6
8900000360727	6
8900000360710	10
8900000360703	24
8900000360697	22
8900000360680	13
8900000360673	11
8900000360666	7
8900000360659	7
8900000360642	31
8900000360635	10
8900000360574	2
8900000360550	9
8900000360543	19
8900000360444	5
8900000360437	14
8900000360420	26
8900000360413	5
8900000360291	6
8900000360284	3
8900000360222	5
8900000360215	6
8900000360208	7
8900000360147	4
8900000360130	7
8900000360123	1
8900000360024	7
8900000360017	5
8900000359998	3
8900000359981	4
8900000359974	8
8900000359967	1
8900000359950	1
8900000359943	9
8900000359936	10
8900000359929	6
8900000359905	9
8900000359899	13
8900000359882	7
8900000359875	2
8900000359868	14
8900000359851	11
8900000359844	7
8900000359837	6
8900000359820	13
8900000359813	17
8900000359806	9
8900000359752	1
8900000359745	16
8900000359738	28
8900000359721	22
8900000359660	3
8900000359653	9
8900000359622	3
8900000359608	2
8900000359592	10
8900000359394	1
8900000359387	7
8900000359370	11
8900000359363	12
8900000359356	3
8900000359349	5
8900000359332	15
8900000359325	18
8900000359318	5
8900000359301	4
8900000359295	7
8900000359288	12
8900000359271	12
8900000359264	28
8900000359257	27
8900000359240	11
8900000359219	4
8900000359202	8
8900000359196	15
8900000359189	15
8900000359172	30
8900000359165	25
8900000359158	10
8900000359127	2
8900000359110	3
8900000359103	9
8900000359097	15
8900000359080	1
8900000358915	8
8900000358755	9
8900000358748	8
8900000358649	1
8900000358632	1
8900000358618	3
8900000358601	25
8900000358595	47
8900000358588	29
8900000358564	1
8900000358519	3
8900000358472	4
8900000358441	1
8900000358397	2
8900000358304	1
8900000358274	4
8900000358267	6
8900000358243	6
8900000358236	34
8900000358229	48
8900000358212	37
8900000358069	8
8900000358052	10
8900000358045	14
8900000358038	17
8900000358021	10
8900000358014	9
8900000358007	7
8900000357956	4
8900000357949	5
8900000357932	16
8900000357925	16
8900000357918	27
8900000357901	24
8900000357895	9
8900000357703	1
8900000357697	6
8900000357178	5
8900000357161	3
8900000356997	1
8900000356973	2
8900000356829	3
8900000356812	8
8900000356713	3
8900000356706	8
8900000356690	13
8900000356683	18
8900000356676	32
8900000356669	16
8900000356652	9
8900000356645	2
8900000356621	6
8900000356614	8
8900000356607	18
8900000356591	25
8900000356584	42
8900000356577	36
8900000356560	11
8900000356553	4
8900000356539	5
8900000356522	15
8900000356515	23
8900000356508	21
8900000356478	2
8900000356447	2
8900000356430	11
8900000356423	7
8900000356409	9
8900000356393	1
8900000356287	2
8900000356270	6
8900000356263	6
8900000356256	8
8900000356249	6
8900000356232	6
8900000356218	2
8900000356201	3
8900000356195	10
8900000356072	1
8900000356058	2
8900000356041	3
8900000356034	2
8900000355976	1
8900000355891	5
8900000355884	6
8900000355785	3
8900000355778	4
8900000355761	10
8900000355754	17
8900000355747	34
8900000355730	24
8900000355693	3
8900000355686	17
8900000355679	15
8900000355662	8
8900000355655	1
8900000355648	20
8900000355631	24
8900000355624	10
8900000355440	9
8900000355433	7
8900000355419	4
8900000355402	6
8900000355396	10
8900000355389	2
8900000355372	10
8900000355365	8
8900000355280	9
8900000355273	15
8900000355266	13
8900000355228	1
8900000355211	6
8900000355167	6
8900000355150	6
8900000355129	13
8900000355112	12
8900000354931	2
8900000354924	8
8900000354917	21
8900000354900	19
8900000354894	13
8900000354887	4
8900000354870	2
8900000354856	4
8900000354849	5
8900000354832	9
8900000354825	9
8900000354818	2
8900000354801	1
8900000354795	11
8900000354788	11
8900000354771	7
8900000354757	6
8900000354740	16
8900000354733	17
8900000354726	1
8900000354719	2
8900000354702	1
8900000354696	6
8900000354689	1
8900000354672	1
8900000354641	4
8900000354634	13
8900000354627	15
8900000354610	19
8900000354603	3
8900000354597	1
8900000354474	20
8900000354405	1
8900000354399	4
8900000354313	4
8900000354153	2
8900000354115	2
8900000354108	6
8900000354092	18
8900000354085	4
8900000353965	1
8900000353927	2
8900000353798	2
8900000353767	4
8900000353750	10
8900000353675	1
8900000353514	1
8900000353460	1
8900000353330	3
8900000353309	3
8900000353293	3
8900000353194	1
8900000353170	2
8900000353163	5
8900000353118	2
8900000353033	1
8900000353002	1
8900000352982	3
8900000352975	9
8900000352968	22
8900000352951	38
8900000352944	15
8900000352531	3
8900000352517	4
8900000352500	5
8900000352494	22
8900000352487	24
8900000352470	25
8900000352180	1
8900000352159	1
8900000352081	7
8900000352074	8
8900000352067	9
8900000352050	12
8900000352043	8
8900000352036	9
8900000352029	6
8900000351862	4
8900000351848	15
8900000351824	1
8900000351817	12
8900000351800	6
8900000351695	4
8900000351688	2
8900000351657	8
8900000351640	8
8900000351633	4
8900000351572	23
8900000351565	31
8900000351558	15
8900000351541	8
8900000351534	12
8900000351527	15
8900000351466	4
8900000351459	6
8900000351442	6
8900000351381	4
8900000351350	1
8900000351299	1
8900000351282	4
8900000351053	7
8900000351046	11
8900000351039	1
8900000351015	31
8900000351008	27
8900000350988	3
8900000350940	5
8900000350919	1
8900000350858	28
8900000350841	16
8900000350766	1
8900000350742	7
8900000350735	29
8900000350728	20
8900000350667	2
8900000350650	2
8900000350612	3
8900000350599	1
8900000350582	4
8900000350575	6
8900000350568	3
8900000350469	1
8900000350421	4
8900000350414	4
8900000350391	2
8900000350384	6
8900000350377	3
8900000350360	2
8900000350346	7
8900000350322	4
8900000350001	3
8900000349999	1
8900000349951	17
8900000349944	23
8900000349937	16
8900000349920	1
8900000349630	1
8900000349609	15
8900000349562	7
8900000349555	9
8900000349548	8
8900000349524	15
8900000349517	44
8900000349500	40
8900000349494	20
8900000349395	18
8900000349388	26
8900000349371	8
8900000349364	11
8900000349357	9
8900000349340	2
8900000349333	3
8900000349081	2
8900000349067	10
8900000349050	19
8900000349043	17
8900000349036	4
8900000349012	2
8900000348992	1
8900000348978	8
8900000348961	6
8900000348954	11
8900000348923	1
8900000348893	1
8900000348824	10
8900000348794	11
8900000348787	10
8900000348756	16
8900000348732	1
8900000348725	3
8900000348176	2
8900000348084	8
8900000348077	18
8900000348060	16
8900000348053	3
8900000348046	4
8900000348039	2
8900000348008	12
8900000347995	17
8900000347988	17
8900000347971	2
8900000347674	15
8900000347667	31
8900000347650	30
8900000347643	18
8900000347483	6
8900000347476	15
8900000347469	8
8900000347421	14
8900000347414	17
8900000347407	28
8900000347391	3
8900000347193	31
8900000347179	11
8900000347162	7
8900000347131	8
8900000347124	7
8900000347094	30
8900000347087	25
8900000347070	5
8900000346981	2
8900000346974	3
8900000346967	21
8900000346950	6
8900000346943	1
8900000346936	5
8900000346929	10
8900000346912	15
8900000346882	5
8900000346875	6
8900000346844	15
8900000346837	15
8900000346820	29
8900000346813	27
8900000346806	16
8900000346790	6
8900000346769	7
8900000346752	17
8900000346745	13
8900000346738	1
8900000346714	13
8900000346707	7
8900000346653	13
8900000346646	41
8900000346639	32
8900000346622	20
8900000346615	1
8900000346578	2
8900000346561	8
8900000346554	1
8900000346233	1
8900000346226	5
8900000346219	4
8900000346196	2
8900000346189	19
8900000346172	18
8900000346165	9
8900000346158	28
8900000346141	20
8900000346134	6
8900000346127	2
8900000346110	1
8900000345762	1
8900000345755	4
8900000345731	1
8900000345724	15
8900000345717	10
8900000345700	4
8900000345687	21
8900000345670	11
8900000345663	8
8900000345625	1
8900000345373	1
8900000345366	1
8900000345342	1
8900000345335	3
8900000345298	4
8900000345250	9
8900000345243	3
8900000345229	13
8900000345212	25
8900000345205	7
8900000345199	3
8900000345182	8
8900000345120	10
8900000345113	21
8900000345106	24
8900000345090	54
8900000345083	26
8900000344987	7
8900000344970	1
8900000344956	11
8900000344949	22
8900000344871	6
8900000344864	8
8900000344857	1
8900000344840	5
8900000344833	19
8900000344826	16
8900000344819	10
8900000344802	5
8900000344796	16
8900000344789	21
8900000344772	12
8900000344550	5
8900000344543	10
8900000344536	4
8900000344291	1
8900000344185	13
8900000343980	10
8900000343973	7
8900000343966	4
8900000343706	1
8900000343546	5
8900000343461	5
8900000343430	9
8900000343423	13
8900000343416	5
8900000343355	35
8900000343348	30
8900000343331	9
8900000343317	10
8900000343300	12
8900000343294	5
8900000343270	19
8900000343263	22
8900000343256	9
8900000343164	15
8900000343157	21
8900000343140	14
8900000342815	5
8900000342808	12
8900000342624	2
8900000342600	12
8900000342433	1
8900000342426	5
8900000342235	20
8900000342228	7
8900000342211	5
8900000342181	19
8900000342174	6
8900000342167	1
8900000342020	5
8900000342013	41
8900000342006	41
8900000341993	21
8900000341986	23
8900000341979	49
8900000341962	44
8900000341955	24
8900000341856	1
8900000341849	6
8900000341832	12
8900000341801	23
8900000341795	19
8900000341788	11
8900000341573	4
8900000341559	2
8900000341337	4
8900000341238	2
8900000341221	3
8900000341207	1
8900000341092	1
8900000340811	2
8900000340798	9
8900000340484	29
8900000340477	20
8900000340460	8
8900000340439	2
8900000340378	7
8900000340354	1
8900000340347	2
8900000340330	5
8900000340293	7
8900000340088	10
8900000340071	10
8900000339969	5
8900000339952	25
8900000339341	7
8900000339334	8
8900000339327	12
8900000339310	20
8900000339303	8
8900000339297	19
8900000339280	23
8900000339273	3
8900000339259	1
8900000339242	25
8900000339198	1
8900000338559	7
8900000338542	6
8900000338535	5
8900000338528	4
8900000338511	34
8900000338504	53
8900000338498	34
8900000338474	9
8900000338467	12
8900000338450	7
8900000338443	1
8900000338436	30
8900000338429	50
8900000338412	31
8900000338054	1
8900000338047	10
8900000338030	15
8900000338023	14
8900000338016	10
8900000337989	1
8900000337972	5
8900000337965	13
8900000337958	9
8900000337941	6
8900000337910	1
8900000337903	5
8900000337897	17
8900000337880	10
8900000337873	7
8900000337828	7
8900000337811	3
8900000337798	13
8900000337781	7
8900000337774	1
8900000337491	4
8900000337477	2
8900000337460	1
8900000337453	1
8900000337378	1
8900000336999	2
8900000336951	19
8900000336937	10
8900000336692	1
8900000336685	1
8900000336661	1
8900000336654	2
8900000336517	2
8900000336500	2
8900000336494	2
8900000336425	1
8900000336418	2
8900000336135	17
8900000336128	26
8900000336111	4
8900000336036	4
8900000335992	10
8900000335985	9
8900000335978	11
8900000335961	6
8900000335527	2
8900000335497	6
8900000335480	5
8900000335473	8
8900000335466	35
8900000335459	27
8900000335343	2
8900000335060	5
8900000335053	17
8900000335046	29
8900000335039	21
8900000334469	1
8900000334360	1
8900000334346	1
8900000334339	1
8900000334322	1
8900000334315	1
8900000334308	2
8900000334278	3
8900000334261	24
8900000334162	16
8900000334155	19
8900000334148	48
8900000334131	32
8900000334070	7
8900000334063	8
8900000334056	4
8900000333813	1
8900000333806	1
8900000333790	1
8900000333776	1
8900000332540	2
8900000332465	1
8900000332366	2
8900000332175	1
8900000332151	1
8900000332113	9
8900000332106	24
8900000332090	20
8900000332083	8
8900000331987	13
8900000331970	13
8900000331963	13
8900000331956	13
8900000331949	12
8900000331932	12
8900000331925	12
8900000331918	12
8900000331901	13
8900000331895	13
8900000331888	13
8900000331871	13
8900000331864	13
8900000331857	13
8900000331840	13
8900000331833	13
8900000331796	2
8900000331741	2
8900000331628	1
8900000331338	2
8900000331321	1
8900000331314	7
8900000331024	2
8900000330911	7
8900000330904	2
8900000330898	2
8900000330874	1
8900000330812	1
8900000330720	4
8900000330713	12
8900000330706	12
8900000330690	5
8900000330492	1
8900000330485	10
8900000330201	3
8900000330119	1
8900000329809	2
8900000329793	1
8900000329786	2
8900000329779	1
8900000329724	7
8900000329632	1
8900000329625	3
8900000329427	1
8900000329106	21
8900000329090	26
8900000328987	4
8900000328970	11
8900000328482	1
8900000328444	1
8900000328253	6
8900000328246	11
8900000328239	22
8900000328222	34
8900000328215	22
8900000328000	1
8900000327966	1
8900000327959	4
8900000327942	13
8900000327935	5
8900000327904	4
8900000327898	10
8900000327881	9
8900000327874	1
8900000327836	1
8900000327768	17
8900000327751	29
8900000327720	29
8900000327553	40
8900000327546	34
8900000327102	3
8900000327096	3
8900000326877	9
8900000326839	3
8900000326822	1
8900000326808	8
8900000326792	11
8900000326624	14
8900000326617	4
8900000326600	2
8900000326365	1
8900000326341	12
8900000326334	9
8900000326310	1
8900000326303	6
8900000326297	5
8900000326280	3
8900000326273	16
8900000326266	35
8900000326259	33
8900000326235	1
8900000326228	7
8900000326211	18
8900000326204	26
8900000326198	22
8900000326006	2
8900000325993	1
8900000325986	7
8900000325979	25
8900000325962	13
8900000325818	6
8900000325801	14
8900000325795	15
8900000325788	12
8900000325528	31
8900000325405	1
8900000325399	6
8900000325382	9
8900000325375	6
8900000325368	19
8900000325351	51
8900000325344	52
8900000325252	16
8900000325245	34
8900000325238	33
8900000325221	19
8900000325214	16
8900000325207	30
8900000325191	40
8900000325184	18
8900000325160	37
8900000325153	39
8900000325146	40
8900000325139	13
8900000325122	57
8900000325115	33
8900000325108	2
8900000325092	13
8900000325085	41
8900000325078	39
8900000325061	12
8900000325047	3
8900000325030	2
8900000325023	10
8900000324699	8
8900000324682	13
8900000324675	75
8900000324668	49
8900000323890	3
8900000323883	1
8900000323661	16
8900000323593	5
8900000323586	9
8900000323579	8
8900000323555	25
8900000323548	5
8900000323456	4
8900000323449	2
8900000323401	12
8900000323395	12
8900000323388	12
8900000323371	30
8900000323364	80
8900000323357	59
8900000323258	10
8900000323241	20
8900000323234	13
8900000323227	5
8900000323210	3
8900000323111	10
8900000323104	20
8900000323098	13
8900000323081	5
8900000323074	2
8900000323036	6
8900000322930	4
8900000322923	9
8900000322909	10
8900000322893	14
8900000322886	30
8900000322855	1
8900000322794	2
8900000322770	1
8900000322756	1
8900000322725	10
8900000322718	19
8900000322701	14
8900000322695	6
8900000322688	2
8900000322572	10
8900000322565	19
8900000322558	12
8900000322541	5
8900000322534	2
8900000322503	8
8900000322497	19
8900000322480	13
8900000322473	5
8900000322466	2
8900000322381	6
8900000322367	1
8900000322350	5
8900000322329	5
8900000322312	8
8900000322275	4
8900000322244	1
8900000322237	5
8900000322183	1
8900000322169	3
8900000322152	16
8900000322046	1
8900000322039	9
8900000322022	1
8900000321995	19
8900000321988	10
8900000321797	9
8900000321780	22
8900000321773	35
8900000321766	32
8900000321759	12
8900000321414	2
8900000321407	3
8900000321384	9
8900000321377	18
8900000321100	3
8900000321018	1
8900000320417	10
8900000320400	19
8900000320394	12
8900000320387	4
8900000320370	1
8900000320165	9
8900000320158	18
8900000320141	11
8900000320134	4
8900000320127	2
8900000320066	8
8900000320059	20
8900000320042	11
8900000320035	4
8900000320028	2
8900000319992	11
8900000319985	21
8900000319978	14
8900000319961	4
8900000319954	2
8900000319404	8
8900000319398	29
8900000319381	17
8900000319367	1
8900000319350	20
8900000319343	17
8900000319251	2
8900000319244	2
8900000319237	48
8900000319220	51
8900000319206	19
8900000319190	35
8900000319183	7
8900000319176	10
8900000319169	38
8900000319152	47
8900000319145	12
8900000318735	1
8900000318667	11
8900000318650	40
8900000318643	40
8900000318636	13
8900000318315	10
8900000318308	19
8900000318292	12
8900000318285	4
8900000318278	2
8900000317967	9
8900000317950	19
8900000317943	13
8900000317936	4
8900000317929	2
8900000317677	12
8900000317660	20
8900000317653	14
8900000317646	4
8900000317639	2
8900000317349	5
8900000317332	10
8900000317073	17
8900000317066	15
8900000317059	3
8900000317035	24
8900000317028	41
8900000317011	20
8900000316823	14
8900000316816	15
8900000316472	1
8900000316458	16
8900000316410	2
8900000316267	43
8900000316229	10
8900000316021	3
8900000315741	1
8900000315574	1
8900000315550	1
8900000315543	23
8900000315536	22
8900000315475	1
8900000315086	1
8900000315048	9
8900000315031	2
8900000314652	1
8900000314553	2
8900000314294	15
8900000314225	4
8900000314218	18
8900000313822	1
8900000313792	2
8900000313785	3
8900000313778	5
8900000313754	3
8900000313617	1
8900000313594	1
8900000313488	30
8900000313471	26
8900000313464	5
8900000313402	12
8900000313389	2
8900000313259	1
8900000313235	1
8900000312993	1
8900000312986	1
8900000312979	1
8900000312849	6
8900000312641	12
8900000312542	3
8900000312535	2
8900000312528	11
8900000312511	23
8900000312504	27
8900000312405	1
8900000312313	8
8900000312276	3
8900000312115	2
8900000312108	8
8900000312085	1
8900000312078	6
8900000312023	1
8900000312016	15
8900000312009	9
8900000311910	1
8900000311774	1
8900000311538	3
8900000311521	4
8900000311514	2
8900000311446	1
8900000311439	1
8900000311408	1
8900000311163	10
8900000311101	8
8900000311095	1
8900000310944	1
8900000310630	4
8900000310616	10
8900000310593	23
8900000310531	10
8900000310524	22
8900000310517	25
8900000310432	4
8900000310425	1
8900000310418	2
8900000310111	3
8900000310098	5
8900000310081	9
8900000310074	22
8900000309931	1
8900000309733	1
8900000309726	4
8900000309719	7
8900000309702	1
8900000309481	3
8900000309474	4
8900000309467	14
8900000309450	5
8900000309443	1
8900000309399	38
8900000309382	43
8900000309351	31
8900000309344	29
8900000309313	7
8900000309245	1
8900000309207	21
8900000309191	17
8900000309184	9
8900000309030	1
8900000308941	1
8900000308750	1
8900000308637	1
8900000308576	9
8900000308569	1
8900000308538	6
8900000308200	4
8900000308194	13
8900000308187	2
8900000308163	3
8900000308156	12
8900000308040	6
8900000308033	1
8900000308002	9
8900000307999	8
8900000307982	2
8900000307784	9
8900000307777	8
8900000307609	1
8900000307593	13
8900000307586	8
8900000307579	9
8900000307562	6
8900000307555	35
8900000307548	22
8900000307531	34
8900000307272	9
8900000307265	10
8900000307005	4
8900000306985	1
8900000306961	3
8900000306954	2
8900000306947	1
8900000306718	1
8900000306688	6
8900000306671	27
8900000306497	13
8900000306480	17
8900000306473	1
8900000306459	3
8900000306442	4
8900000306435	1
8900000306428	1
8900000306411	3
8900000306404	19
8900000306367	5
8900000306282	2
8900000306169	1
8900000306121	10
8900000306114	6
8900000306084	4
8900000305957	2
8900000305940	16
8900000305933	7
8900000305827	16
8900000305810	22
8900000305780	7
8900000305711	1
8900000305704	24
8900000305698	29
8900000305681	37
8900000305674	27
8900000305667	18
8900000305650	3
8900000305476	8
8900000305469	12
8900000305452	4
8900000305445	1
8900000305438	7
8900000305421	23
8900000305407	1
8900000305384	17
8900000305377	30
8900000305360	18
8900000305353	13
8900000305346	7
8900000305254	2
8900000305223	9
8900000305216	9
8900000305209	2
8900000305186	2
8900000305148	3
8900000305131	5
8900000305025	5
8900000304929	1
8900000304882	24
8900000304875	10
8900000304851	1
8900000304813	8
8900000304806	2
8900000304790	6
8900000304783	2
8900000304752	4
8900000304738	7
8900000304714	4
8900000304684	4
8900000304677	24
8900000304660	12
8900000304622	2
8900000304615	6
8900000304608	3
8900000304585	15
8900000304578	24
8900000304561	27
8900000304486	17
8900000304325	13
8900000304141	19
8900000304134	20
8900000304127	4
8900000304103	29
8900000304097	47
8900000304080	20
8900000303847	14
8900000303366	5
8900000303359	19
8900000303342	15
8900000303335	4
8900000303328	8
8900000303311	26
8900000303304	33
8900000303298	10
8900000303236	1
8900000303212	12
8900000303106	2
8900000302956	2
8900000302918	1
8900000302901	1
8900000302826	14
8900000302819	30
8900000302802	32
8900000302796	23
8900000302789	10
8900000302512	1
8900000302505	4
8900000302499	20
8900000302482	40
8900000302475	41
8900000302468	17
8900000302451	15
8900000302444	1
8900000302413	9
8900000302406	4
8900000302376	22
8900000302369	9
8900000302161	15
8900000302154	18
8900000302147	120
8900000302130	97
8900000301676	20
8900000301669	18
8900000301652	1
8900000301638	37
8900000301621	44
8900000301614	27
8900000301584	1
8900000301577	1
8900000301553	2
8900000301201	17
8900000301119	6
8900000301102	4
8900000301089	6
8900000301072	21
8900000301065	35
8900000300402	1
8900000300105	7
8900000300075	1
8900000300068	1
8900000299850	5
8900000299713	4
8900000298273	5
8900000298136	9
8900000298129	13
8900000297887	1
8900000297719	4
8900000297658	1
8900000297627	8
8900000297610	10
8900000297603	21
8900000297597	16
8900000297580	13
8900000296507	1
8900000296477	1
8900000296354	1
8900000295777	3
8900000295753	7
8900000295746	2
8900000295326	14
8900000295319	12
8900000295302	72
8900000295296	34
8900000294459	1
8900000294411	6
8900000294398	10
8900000294381	17
8900000294374	26
8900000294220	1
8900000293643	1
8900000293575	1
8900000293551	1
8900000293308	1
8900000293261	4
8900000293131	1
8900000293100	15
8900000293094	17
8900000293087	7
8900000293018	1
8900000292875	1
8900000292530	23
8900000292523	67
8900000292516	154
8900000292509	113
8900000292097	3
8900000292042	1
8900000291410	1
8900000290529	1
8900000290512	2
8900000290505	3
8900000290208	6
8900000289769	3
8900000289738	2
8900000288861	5
8900000288854	2
8900000287079	3
8900000285471	1
8900000285303	1
8900000285297	11
8900000285273	1
8900000284245	3
8900000283866	1
8900000283798	1
8900000282876	3
8900000282869	5
8900000282852	5
8900000282784	2
8900000282166	5
8900000282159	1
8900000281848	5
8900000281831	5
8900000281756	1
8900000281701	5
8900000281695	4
8900000281398	2
8900000280834	2
8900000280827	3
8900000280803	6
8900000280674	1
8900000280650	17
8900000280643	7
8900000280186	1
8900000280162	5
8900000279999	4
8900000279326	10
8900000279319	6
8900000278992	10
8900000278367	9
8900000278350	8
8900000278060	2
8900000277575	1
8900000276462	1
8900000276455	1
8900000276431	5
8900000276424	13
8900000276417	13
8900000276356	1
8900000276349	18
8900000276332	26
8900000276172	9
8900000275649	6
8900000275632	8
8900000275625	5
8900000275618	2
8900000275601	6
8900000275595	22
8900000275588	23
8900000275335	12
8900000275328	23
8900000275311	25
8900000275083	1
8900000274710	1
8900000274444	1
8900000274437	9
8900000274420	8
8900000274413	14
8900000274147	3
8900000274048	1
8900000272716	1
8900000271221	1
8900000271191	4
8900000271184	10
8900000271108	1
8900000270996	4
8900000270514	1
8900000270507	1
8900000270354	1
8900000270286	1
8900000269747	4
8900000269624	1
8900000269594	14
8900000269587	8
8900000269327	4
8900000269297	6
8900000269280	22
8900000269273	13
8900000269204	1
8900000269013	1
8900000268702	1
8900000268467	2
8900000268436	7
8900000268429	23
8900000268412	21
8900000268016	2
8900000267996	11
8900000267989	1
8900000267958	9
8900000267910	5
8900000267873	4
8900000266531	1
8900000266425	8
8900000266418	10
8900000266401	7
8900000266388	3
8900000266371	30
8900000266364	27
8900000265725	4
8900000265718	3
8900000263530	4
8900000263516	7
8900000263509	11
8900000262953	13
8900000262946	15
8900000262939	38
8900000262922	5
8900000260898	1
8900000259052	1
8900000258826	1
8900000258819	2
8900000258802	1
8900000258642	2
8900000258635	1
8900000257768	1
8900000257751	3
8900000257737	2
8900000257706	2
8900000257690	1
8900000257577	1
8900000257546	4
8900000257539	24
8900000257522	10
8900000257515	10
8900000257508	7
8900000257492	15
8900000257485	23
8900000257423	12
8900000257416	39
8900000257409	34
8900000257393	37
8900000256839	1
8900000255818	42
8900000255702	4
8900000255696	14
8900000255689	18
8900000255672	29
8900000255665	8
8900000255658	5
8900000255405	6
8900000254910	24
8900000254903	15
8900000254873	6
8900000254866	7
8900000253357	1
8900000253340	3
8900000253333	1
8900000252985	2
8900000252978	7
8900000252961	29
8900000252954	51
8900000252947	107
8900000252930	85
8900000252923	34
8900000252916	14
8900000252718	6
8900000252701	1
8900000252695	4
8900000252671	34
8900000252664	7
8900000250929	5
8900000250714	1
8900000250257	11
8900000250240	6
8900000250233	7
8900000250219	8
8900000250202	19
8900000250141	7
8900000250134	16
8900000250127	28
8900000250110	23
8900000250011	23
8900000248186	1
8900000247899	8
8900000247448	1
8900000247318	2
8900000247301	10
8900000247295	3
8900000247226	1
8900000246250	3
8900000246243	1
8900000246236	1
8900000246113	10
8900000245857	1
8900000245734	1
8900000245307	3
8900000244119	1
8900000243952	1
8900000243877	5
8900000243624	2
8900000243440	2
8900000243358	2
8900000243266	1
8900000243181	1
8900000243082	2
8900000242047	6
8900000242030	1
8900000242023	19
8900000242016	16
8900000241996	2
8900000240296	3
8900000239801	1
8900000239795	16
8900000239788	9
8900000239207	9
8900000239191	17
8900000239184	12
8900000238781	1
8900000238767	5
8900000238750	21
8900000238743	8
8900000238002	3
8900000237982	1
8900000237968	6
8900000237500	1
8900000236077	1
8900000235988	2
8900000235896	1
8900000235711	2
8900000235483	1
8900000235391	1
8900000235308	1
8900000235216	1
8900000235124	1
8900000234646	1
8900000233427	1
8900000232734	2
8900000232642	1
8900000232208	1
8900000232154	2
8900000231041	1
8900000229383	1
8900000225149	1
8900000224920	1
8900000223879	2
8900000223251	1
8900000220816	1
8900000220632	1
8900000220625	6
8900000220618	1
8900000219995	1
8900000218127	9
8900000218110	3
8900000218103	13
8900000218097	9
8900000214655	2
8900000214648	15
8900000214631	11
8900000214624	4
8900000209897	2
8900000209880	5
8900000209873	7
8900000208364	1
8900000205448	2
8900000204885	1
8900000199884	1
8900000195886	2
8900000195732	2
8900000193806	1
8900000189304	1
8900000187171	1
8900000185627	1
8900000183777	19
8900000183760	22
8900000183753	25
8900000183746	10
8900000183739	13
8900000183722	31
8900000183715	29
8900000183708	13
8900000182794	1
8900000180363	1
8900000180356	1
8900000179305	1
8900000179114	2
8900000179107	3
8900000179022	1
8900000177042	1
8900000175499	1
8900000173983	1
8900000170746	1
8900000169115	1
8900000169108	2
8900000169016	6
8900000169009	3
8900000167548	2
8900000167500	3
8900000167494	16
8900000167487	7
8900000167470	1
8900000166541	3
8900000166022	2
8900000165070	10
8900000165063	17
8900000165056	10
8900000165032	13
8900000165025	25
8900000163359	5
8900000162192	4
8900000160334	2
8900000159710	1
8900000159499	1
8900000159109	1
8900000158546	1
8900000158508	1
8900000157877	1
8900000157587	4
8900000157570	3
8900000157563	2
8900000157549	7
8900000157532	9
8900000157525	7
8900000157457	14
8900000157440	8
8900000157433	3
8900000157365	1
8900000157297	1
8900000154814	1
8900000153213	1
8900000152032	1
8900000147595	1
8900000140688	1
8900000140459	1
8900000136636	1
8900000130610	5
8900000130603	10
8900000130597	4
8900000130566	11
8900000130559	12
8900000130542	12
8900000130498	2
8900000130481	18
8900000130474	27
8900000130467	26
8900000125661	8
8900000125654	13
8900000121267	1
8900000119226	1
8900000119219	15
8900000119172	4
8900000119165	19
8900000119158	9
8900000119141	1
8900000118878	4
8900000118861	15
8900000118854	6
8900000118847	12
8900000118830	9
8900000118823	33
8900000116461	15
8900000116447	6
8900000116423	13
8900000116416	42
8900000115808	1
8900000110803	14
8900000110797	30
8900000110780	31
8900000110773	22
8900000110759	15
8900000110742	40
8900000110735	43
8900000110728	30
8900000104833	1
8900000104819	6
8900000104802	3
8900000104796	2
8900000104789	2
8900000104772	1
8900000104505	1
8900000101504	7
8900000101498	14
8900000101481	4
8900000101474	1
8900000101450	5
8900000101443	13
8900000101436	8
8900000101429	4
8900000100859	1
8900000100842	3
8900000100712	9
8900000100705	4
8900000100699	1
8900000100682	2
8900000100675	1
8900000098606	1
8900000098590	1
8900000098583	4
8900000098576	9
8900000067251	4
8900000052325	1
8900000050710	1
8900000037094	3
8900000037087	1
8900000037070	1
8900000037063	1
8900000037025	1
8900000036776	2
8900000036769	23
8900000036752	8
8900000024520	8
8900000024483	13
8900000017065	2
8900000007752	1
8900000004331	1
8900000361229	12
8900000361236	24
8900000361243	2
8900000361250	7
8900000361717	1
8900000361724	5
8900000116393	32
8900000116409	33
8900000116454	19
8900000116478	5
8900000165001	13
8900000165018	46
8900000165049	10
8900000362189	17
8900000362196	14
8900000362202	7
8900000362219	12
8900000361564	9
8900000361571	7
8900000361588	4
8900000361632	1
8900000361649	6
8900000361663	2
8900000361168	1
8900000362462	14
8900000362479	29
8900000362486	19
8900000362509	6
8900000362516	15
8900000362523	8
8900000362011	35
8900000362028	36
8900000362035	19
8900000362042	2
8900000362059	1
8900000362066	1
8900000362073	8
8900000362080	2
8900000362226	12
8900000362233	21
8900000362240	13
8900000362271	11
8900000362288	1
8900000362301	7
8900000362318	20
8900000362325	11
8900000362332	1
8900000362349	8
8900000362356	12
8900000362363	4
8900000362370	1
8900000362707	19
8900000362714	34
8900000362721	21
8900000362738	3
8900000362745	8
8900000362752	17
8900000362769	10
8900000362776	3
8900000363131	37
8900000363148	47
8900000363155	43
8900000363162	20
8900000257430	1
8900000257454	13
8900000257461	5
8900000255825	52
8900000255832	35
8900000255849	3
8900000255856	2
8900000255863	5
8900000255870	2
8900000362387	31
8900000362394	32
8900000362400	14
8900000362417	4
8900000362424	32
8900000362431	46
8900000362448	37
8900000362455	20
8900000338405	456
8900000361489	12
8900000361496	29
8900000361502	17
8900000361526	5
8900000361533	14
8900000361540	6
8900000361557	1
8900000363681	9
8900000363698	24
8900000363704	11
8900000363728	5
8900000363735	12
8900000363742	2
8900000363766	8
8900000363773	9
8900000363780	7
8900000362622	20
8900000362639	33
8900000362646	23
8900000362653	3
8900000362660	7
8900000362677	15
8900000362684	9
8900000362691	3
8900000363056	8
8900000363063	18
8900000363070	12
8900000363094	3
8900000363100	14
8900000363117	2
8900000362899	15
8900000362905	32
8900000362912	21
8900000362929	2
8900000362936	9
8900000362943	13
8900000362950	9
8900000362967	3
8900000361441	22
8900000361458	27
8900000361465	12
8900000361472	8
8900000325511	16
8900000325535	16
8900000325573	3
8900000362141	2
8900000362165	5
8900000362172	2
8900000362547	20
8900000362554	37
8900000362561	21
8900000362578	2
8900000362585	8
8900000362592	15
8900000362608	6
8900000362615	3
8900000362813	12
8900000362820	26
8900000362837	17
8900000362851	3
8900000362868	13
8900000362875	3
8900000362882	1
8900000362974	5
8900000362981	19
8900000362998	10
8900000363018	3
8900000363025	11
8900000363032	6
8900000363209	9
8900000363216	17
8900000363223	11
8900000363179	4
8900000363186	12
8900000363193	10
8900000363285	3
8900000322008	11
8900000363803	1
8900000363810	2
8900000363827	4
8900000363834	3
8900000361960	6
8900000361977	32
8900000361984	36
8900000361991	16
8900000362004	10
8900000363230	11
8900000363247	14
8900000363261	1
8900000363629	2
8900000363636	15
8900000363643	4
8900000363650	6
8900000363667	5
8900000363551	6
8900000363568	11
8900000363575	10
8900000363582	5
8900000363926	1
8900000363933	6
8900000363940	5
8900000363957	3
8900000363964	2
8900000361779	3
8900000364114	25
8900000364121	25
8900000364138	17
8900000364145	4
8900000364152	9
8900000364169	10
8900000364176	3
8900000364039	10
8900000364046	23
8900000364053	22
8900000364060	2
8900000364077	5
8900000364084	17
8900000364091	16
8900000364107	6
8900000363414	35
8900000363421	41
8900000363438	35
8900000363445	13
8900000364190	12
8900000364206	15
8900000364213	8
8900000364596	27
8900000364602	47
8900000364619	32
8900000364626	10
8900000257478	14
8900000346585	3
8900000364633	30
8900000364640	32
8900000364657	23
8900000364664	7
8900000364671	10
8900000364688	14
8900000364695	11
8900000364701	4
8900000364503	5
8900000364510	8
8900000325955	6
8900000365098	2
8900000365104	7
8900000365111	12
8900000365128	16
8900000365135	8
8900000365142	1
8900000327539	22
8900000327560	25
8900000327577	12
8900000364497	29
8900000364459	45
8900000364466	46
8900000364473	29
8900000364435	23
8900000364404	46
8900000364411	55
8900000364428	28
8900000364350	24
8900000364343	48
8900000364312	49
8900000364329	10
8900000364336	13
8900000365173	29
8900000365180	50
8900000365197	55
8900000365203	21
8900000365210	7
8900000365227	3
8900000365234	1
8900000365296	2
8900000365302	7
8900000365319	7
8900000365326	11
8900000365333	12
8900000365340	6
8900000365289	5
8900000364923	5
8900000364930	1
8900000364855	5
8900000364862	1
8900000364718	2
8900000364725	4
8900000364732	5
8900000364749	3
8900000364756	7
8900000364763	1
8900000364770	1
8900000364787	4
8900000364831	1
8900000364558	30
8900000364565	51
8900000364572	49
8900000364589	27
8900000365357	1
8900000365371	5
8900000365388	7
8900000365395	14
8900000365401	8
8900000365418	1
8900000365456	1
8900000365715	18
8900000365722	24
8900000365739	11
8900000365753	3
8900000365760	12
8900000365777	1
8900000365784	1
8900000259380	1
8900000157518	11
8900000364541	37
8900000364268	54
8900000364275	51
8900000364282	19
8900000366262	26
8900000366279	30
8900000366286	20
8900000365807	8
8900000365814	2
8900000365982	5
8900000366033	1
8900000366644	5
8900000366651	5
8900000366668	6
8900000366675	6
8900000366682	6
8900000366699	1
8900000366705	2
8900000366057	5
8900000366064	7
8900000366071	5
8900000366088	12
8900000366095	5
8900000366101	5
8900000366118	3
8900000366194	7
8900000366200	9
8900000366217	6
8900000366224	10
8900000366231	9
8900000366248	1
8900000366255	5
8900000366903	3
8900000366910	13
8900000366927	17
8900000366934	19
8900000366941	9
8900000366958	4
8900000366965	2
8900000366972	2
8900000365821	1
8900000365838	6
8900000365845	13
8900000365852	20
8900000365869	25
8900000365876	12
8900000365883	4
8900000365890	1
8900000365906	1
8900000366804	2
8900000366811	5
8900000366828	13
8900000366835	19
8900000366842	20
8900000366859	12
8900000366866	3
8900000366873	1
8900000366880	1
8900000366484	23
8900000366491	29
8900000366507	19
8900000366514	3
8900000366521	10
8900000366538	14
8900000366545	8
8900000350759	2
8900000366569	29
8900000366576	31
8900000366583	21
8900000366590	4
8900000366606	13
8900000366613	17
8900000366620	12
8900000366637	5
8900000365913	3
8900000365920	5
8900000365937	2
8900000365951	2
8900000366408	24
8900000366415	37
8900000366422	24
8900000366439	5
8900000366446	17
8900000366453	8
8900000366460	13
8900000366477	4
8900000367184	3
8900000366736	1
8900000366750	6
8900000367429	2
8900000367436	6
8900000367443	7
8900000367450	13
8900000367467	6
8900000367474	1
8900000367337	2
8900000367344	2
8900000367351	2
8900000367368	9
8900000367382	1
8900000367061	1
8900000367078	8
8900000367085	13
8900000367092	10
8900000367108	8
8900000367115	2
8900000367528	2
8900000367535	7
8900000367542	7
8900000367559	1
8900000367597	7
8900000367603	5
8900000367627	5
8900000367634	1
8900000367658	2
8900000366125	4
8900000366132	1
8900000367825	1
8900000367832	1
8900000367863	1
8900000367917	8
8900000367924	9
8900000367931	14
8900000367948	6
8900000367955	2
8900000367993	4
8900000368006	13
8900000368013	17
8900000368020	18
8900000368037	11
8900000368044	4
8900000368051	1
8900000368068	1
8900000367276	4
8900000368082	3
8900000368099	7
8900000368105	10
8900000368112	11
8900000368129	5
8900000368136	4
8900000368143	1
8900000368150	1
8900000367733	1
8900000367740	5
8900000367757	11
8900000367764	3
8900000367771	1
8900000367672	1
8900000367689	7
8900000367696	2
8900000367702	1
8900000368174	4
8900000368181	11
8900000368198	16
8900000368204	19
8900000368211	10
8900000368228	4
8900000368235	1
8900000368242	1
8900000351022	12
8900000368273	4
8900000368280	9
8900000368297	10
8900000353262	1
8900000327706	2
8900000327713	9
8900000327737	51
8900000327744	61
8900000327683	5
8900000327690	3
8900000252909	2
8900000368464	1
8900000368471	3
8900000368488	6
8900000368495	13
8900000368501	11
8900000368518	6
8900000368525	1
8900000368341	5
8900000368358	6
8900000368365	4
8900000368617	2
8900000368624	7
8900000368631	11
8900000368648	13
8900000368655	6
8900000368662	1
8900000368679	1
8900000368686	1
8900000368396	1
8900000368402	2
8900000368419	7
8900000368426	14
8900000368433	13
8900000368440	7
8900000368457	2
8900000368709	5
8900000368716	13
8900000368723	17
8900000368730	17
8900000368747	12
8900000368754	4
8900000368761	1
8900000368778	1
8900000368785	37
8900000368792	35
8900000368808	35
8900000368815	17
8900000368549	5
8900000368556	9
8900000368563	13
8900000368570	13
8900000368587	7
8900000368594	6
8900000368846	5
8900000368853	5
8900000368860	8
8900000368877	3
8900000368884	1
8900000310609	20
8900000350865	24
8900000350872	3
8900000334117	2
8900000334124	16
8900000328192	3
8900000328208	4
8900000328260	4
8900000369065	7
8900000369072	14
8900000369089	18
8900000369096	18
8900000369102	11
8900000369119	7
8900000189274	2
8900000189298	2
8900000189311	5
8900000369218	10
8900000369225	5
8900000369249	3
8900000369256	2
8900000368907	6
8900000368914	11
8900000368921	16
8900000368938	16
8900000368945	9
8900000368952	6
8900000368976	5
8900000368983	14
8900000368990	18
8900000369003	18
8900000369010	10
8900000369027	8
8900000346851	6
8900000346868	4
8900000369348	2
8900000369355	5
8900000369362	13
8900000369379	19
8900000369386	20
8900000369393	13
8900000369409	4
8900000369416	1
8900000369423	1
8900000369867	1
8900000369300	39
8900000369317	45
8900000369324	48
8900000369331	33
8900000369980	7
8900000369997	19
8900000370009	18
8900000370016	25
8900000370023	15
8900000369607	6
8900000369614	4
8900000369447	1
8900000369454	11
8900000369461	9
8900000369478	8
8900000369485	6
8900000369492	2
8900000369942	21
8900000369959	28
8900000369966	14
8900000369645	24
8900000369652	31
8900000369669	16
8900000369676	26
8900000369683	28
8900000369690	19
8900000369706	5
8900000369713	9
8900000369720	13
8900000369737	8
8900000369744	5
8900000369881	12
8900000369898	35
8900000369904	43
8900000369911	51
8900000369928	25
8900000369935	9
8900000364367	28
8900000364374	50
8900000364381	54
8900000364398	24
8900000370177	12
8900000370184	27
8900000370191	37
8900000370207	44
8900000370214	24
8900000370221	8
8900000370047	13
8900000370054	17
8900000370061	9
8900000364220	23
8900000364237	38
8900000364244	46
8900000364251	21
8900000370085	12
8900000370092	25
8900000370108	37
8900000370115	38
8900000370122	28
8900000370139	8
8900000370153	2
8900000370146	1
8900000370320	3
8900000370337	4
8900000370344	4
8900000370351	1
8900000370382	10
8900000370399	31
8900000370405	46
8900000370412	51
8900000370429	25
8900000370436	9
8900000370771	3
8900000370788	3
8900000370252	1
8900000370269	2
8900000370276	2
8900000297672	1
8900000370511	5
8900000370528	16
8900000370535	17
8900000370542	1
8900000370559	4
8900000370566	12
8900000370573	12
8900000370580	2
8900000370443	8
8900000370450	13
8900000370467	34
8900000370474	62
8900000370481	69
8900000370498	32
8900000370504	20
8900000370757	10
8900000370764	6
8900000370887	1
8900000370870	1
8900000361182	1
8900000370672	6
8900000370689	16
8900000370696	17
8900000370702	1
8900000370719	4
8900000370726	12
8900000370733	11
8900000370740	4
8900000370597	7
8900000370603	15
8900000370610	19
8900000370627	1
8900000370634	4
8900000370641	12
8900000370658	13
8900000370665	4
