dsklifestyle,
8900000391110,1
8900000395743,1
8900000399826,1
8900000401932,1
8900000403905,1
8900000411870,1
8900000413669,1
8900000425884,1
8900000434732,1
8900000440573,1
8900000442737,1
8900000445264,1
8900000446148,1
8900000453672,1
8900000467402,1
8900000467488,1
8900000467884,1
8900000468362,1
8900000469567,1
8900000481538,1
8900000490127,1
8900000490783,1
8900000492886,1
8900000505043,1
8900000508730,1
8900000518883,1
8900000518968,1
8900000568284,1
8900000569953,1
8900000570034,1
8900000572144,1
8900000572694,1
8900000578191,1
8900000584642,1
8900000610198,1
8900000611447,1
8900000119202,1
8900000252718,1
8900000264803,1
8900000392568,1
8900000395781,1
8900000395989,1
8900000399864,1
8900000401499,1
8900000401970,1
8900000404315,1
8900000410071,1
8900000414109,1
8900000415632,1
8900000437054,1
8900000446186,1
8900000467440,1
8900000481255,1
8900000481927,1
8900000482276,1
8900000490165,1
8900000518401,1
8900000529865,1
8900000569991,1
8900000572106,1
8900000572731,1
8900000573806,1
8900000578344,1
8900000610235,1
8900000611126,1
8900000612147,1
8900000616213,1
8900000379613,1
8900000399871,1
8900000402854,1
8900000404100,1
8900000404247,1
8900000412082,1
8900000414116,1
8900000415649,1
8900000471584,1
8900000472253,1
8900000482559,1
8900000502998,1
8900000508785,1
8900000515943,1
8900000572113,1
8900000572748,1
8900000610242,1
8900000611133,1
8900000611492,1
8900000611720,1
8900000611874,1
8900000631148,1
8900000375653,1
8900000392537,1
8900000399833,1
8900000410125,1
8900000410446,1
8900000425570,1
8900000446476,1
8900000467891,1
8900000477395,1
8900000482528,1
8900000482771,1
8900000502950,1
8900000518890,1
8900000518975,1
8900000572236,1
8900000572700,1
8900000576241,1
8900000577712,1
8900000584659,1
8900000587148,1
8900000610204,1
8900000611454,1
8900000510429,1
8900000512744,1
8900000513765,1
8900000513772,1
8900000513789,1
8900000519354,1
8900000584307,1
8900000586325,1
8900000594344,1
8900000595938,1
8900000600984,1
8900000612994,1
8900000614141,1
8900000618309,1
8900000622870,1
8900000622887,1
8900000624010,1
8900000624027,1
8900000624034,1
8900000624584,1
8900000624591,1
8900000624607,1
8900000626243,1
8900000626250,1
8900000626267,1
8900000626311,1
8900000626328,1
8900000626335,1
8900000626380,1
8900000626397,1
8900000626403,1
8900000626441,1
8900000626458,1
8900000626465,1
8900000626786,1
8900000626793,1
8900000626809,1
8900000628445,1
8900000628452,1
8900000628469,1
8900000631582,1
8900000631599,1
8900000631605,1
8900000036769,1
8900000250011,1
8900000330706,1
8900000330713,1
8900000354085,1
8900000354092,1
8900000362127,1
8900000363575,1
8900000385553,1
8900000387281,1
8900000398676,1
8900000398744,1
8900000399567,1
8900000399611,1
8900000399628,1
8900000399635,1
8900000403356,1
8900000404537,1
8900000404551,1
8900000405107,1
8900000405114,1
8900000405121,1
8900000405640,1
8900000405992,1
8900000406012,1
8900000406241,1
8900000407231,1
8900000407323,1
8900000416554,1
8900000416776,1
8900000416837,1
8900000417056,1
8900000417223,1
8900000417285,1
8900000417308,1
8900000417377,1
8900000417384,1
8900000417391,1
8900000418770,1
8900000419067,1
8900000419302,1
8900000421046,1
8900000423194,1
8900000423675,1
8900000423866,1
8900000446681,1
8900000446698,1
8900000446704,1
8900000475049,1
8900000479214,1
8900000484409,1
8900000484638,1
8900000484652,1
8900000484881,1
8900000485390,1
8900000486410,1
8900000486564,1
8900000486779,1
8900000487394,1
8900000487479,1
8900000487844,1
8900000494767,1
8900000494774,1
8900000497553,1
8900000503636,1
8900000504565,1
8900000504589,1
8900000506613,1
8900000506620,1
8900000506637,1
8900000507726,1
8900000509447,1
8900000509454,1
8900000509461,1
8900000509805,1
8900000512935,1
8900000512942,1
8900000515431,1
8900000518333,1
8900000557509,1
8900000557516,1
8900000582488,1
8900000583362,1
8900000583836,1
8900000596003,1
8900000605552,1
8900000620623,1
8900000620630,1
8900000620746,1
