lkmedical,
8900000335961,1
8900000335978,1
8900000335985,7
8900000335992,1
8900000336005,1
8900000336012,1
8900000336029,1
8900000357895,1
8900000357901,1
8900000357925,1
8900000359240,1
8900000359257,1
8900000359264,1
8900000359271,1
8900000394142,1
8900000394159,1
8900000394166,1
8900000474486,1
8900000474493,1
8900000474509,1
8900000474516,1
8900000474523,1
8900000474530,1
kolhapur,
8900000335961,1
8900000335978,1
8900000335985,1
8900000336005,1
8900000336029,1
8900000357895,1
8900000357901,1
8900000357918,1
8900000357925,1
8900000359240,1
8900000359257,1
8900000359264,1
8900000359271,1
8900000394166,1
8900000474493,1
8900000474509,1
8900000474516,1
8900000474523,1
8900000474530,1
chinchwad,
8900000335961,1
8900000335978,1
8900000336012,1
8900000336029,1
8900000357895,1
8900000357901,1
8900000357918,1
8900000357925,1
8900000359240,1
8900000359257,1
8900000359264,1
8900000393701,1
8900000393718,1
8900000393749,1
8900000393763,1
8900000474493,1
jagrutcreation,
8900000335961,1
8900000335978,1
8900000335992,1
8900000336012,1
8900000336029,1
8900000357895,1
8900000357901,1
8900000357918,1
8900000357925,1
8900000359240,1
8900000359257,1
8900000359264,1
8900000359271,1
8900000393701,1
8900000393718,1
8900000394111,1
8900000394159,1
8900000474462,1
8900000474479,1
8900000474493,1
8900000474509,1
8900000474516,1
8900000474530,1
ambekar,
8900000335961,1
8900000335978,1
8900000335985,1
8900000336005,1
8900000336012,1
8900000336029,1
8900000357895,1
8900000357901,1
8900000357918,1
8900000357925,1
8900000359240,1
8900000359257,1
8900000359264,1
8900000359271,1
8900000393725,1
8900000393732,1
8900000393749,1
8900000393756,1
8900000393763,1
8900000394104,1
8900000394111,1
8900000394128,1
8900000474462,1
8900000474479,1
8900000474493,1
8900000474509,1
8900000474530,1
lksangli,
8900000335978,1
8900000335985,1
8900000335992,1
8900000336005,1
8900000336012,1
8900000336029,1
8900000357895,1
8900000357901,1
8900000357918,1
8900000357925,1
8900000359240,1
8900000359257,1
8900000359264,1
8900000359271,1
8900000394111,1
8900000474479,1
8900000474493,1
8900000474509,1
8900000474516,1
8900000474523,1
8900000474530,1
elegantenterprises,
8900000335961,1
8900000335978,1
8900000335985,1
8900000335992,1
8900000336012,1
8900000336029,1
8900000357895,1
8900000357901,1
8900000357918,1
8900000357925,1
8900000359240,1
8900000359257,1
8900000359264,1
8900000359271,1
8900000474486,1
8900000474516,1
8900000474523,1
8900000474530,1
lksolapur,
8900000335961,1
8900000335978,1
8900000335985,1
8900000335992,1
8900000336005,1
8900000336012,1
8900000336029,1
8900000357895,1
8900000357901,1
8900000357918,1
8900000357925,1
8900000359240,1
8900000359264,1
8900000359271,1
8900000393718,1
8900000394104,1
8900000394111,1
8900000474479,1
8900000474493,1
8900000474509,1
8900000474516,1
8900000474530,1
lkthane,
8900000335961,1
8900000335978,1
8900000335985,1
8900000335992,1
8900000336005,1
8900000336012,1
8900000336029,1
8900000357895,1
8900000357901,1
8900000357918,1
8900000357925,1
8900000359240,1
8900000359257,1
8900000359264,1
8900000359271,1
8900000393701,1
8900000393718,1
8900000393725,1
8900000393749,1
8900000393763,1
8900000394104,1
8900000394111,1
8900000394128,1
8900000394166,1
8900000474479,1
8900000474493,1
8900000474516,1
8900000474523,1
dsklifestyle,
8900000335961,1
8900000335978,1
8900000335985,1
8900000336012,1
8900000336029,1
8900000357895,1
8900000357901,1
8900000357918,1
8900000357925,1
8900000359240,1
8900000359257,1
8900000359264,1
8900000359271,1
8900000394104,1
8900000474486,1
