lkbhosari,
8900000118052,1
8900000119196,1
8900000157525,1
8900000189311,1
8900000275687,1
8900000283385,1
8900000284061,1
8900000284108,1
8900000329243,1
8900000338078,1
8900000338122,1
8900000338405,1
8900000349661,2
8900000349678,1
8900000349685,1
8900000349746,1
8900000355730,1
8900000359158,1
8900000360673,1
8900000360802,1
8900000361977,1
8900000374380,1
8900000378012,1
8900000382354,1
8900000382422,1
8900000383115,1
8900000384518,1
8900000384525,1
8900000384747,1
8900000384853,2
8900000385393,1
8900000385614,1
8900000385812,1
8900000386147,1
8900000387755,1
8900000389421,1
8900000389650,1
8900000392636,3
8900000392650,2
8900000393626,2
8900000393633,1
8900000393695,1
8900000393701,2
8900000393749,2
8900000393916,1
8900000393954,1
8900000394104,2
8900000394111,1
8900000394142,3
8900000394159,1
8900000395668,3
8900000396344,1
8900000396351,1
8900000396368,1
8900000397624,1
8900000397754,1
8900000397778,1
8900000397792,3
8900000397952,1
8900000398485,1
8900000398720,1
8900000399369,1
8900000400355,1
8900000400362,1
8900000400454,1
8900000401437,1
8900000402779,1
8900000403479,1
8900000403998,1
8900000404797,1
8900000405831,1
8900000405848,4
8900000405886,1
8900000405893,3
8900000406531,2
8900000406975,1
8900000407712,1
8900000407798,1
8900000407859,1
8900000407880,1
8900000408030,1
8900000408122,2
8900000408139,1
8900000408344,1
8900000408900,1
8900000408917,2
8900000410187,1
8900000412341,1
8900000412358,1
8900000412594,1
8900000412747,1
8900000412754,1
8900000413812,1
8900000414031,1
8900000414574,1
8900000415205,1
8900000416073,1
8900000416806,1
8900000416820,1
8900000417032,1
8900000419050,1
8900000419135,1
8900000419234,1
8900000420483,2
8900000420490,2
8900000420506,2
8900000420513,2
8900000420568,1
8900000420575,1
8900000420582,1
8900000420599,1
8900000420858,1
8900000420865,1
8900000421466,1
8900000423170,1
8900000431991,1
8900000435166,1
8900000436200,1
8900000437160,1
8900000439454,1
8900000439508,1
8900000440085,1
8900000441204,1
8900000441211,1
8900000443765,1
8900000447497,1
8900000453627,1
8900000453986,1
8900000453993,3
8900000454174,1
8900000458882,1
8900000461745,1
8900000463787,1
8900000465996,1
8900000467358,1
8900000468164,1
8900000469871,1
8900000471690,1
8900000473106,1
8900000473571,1
8900000473588,1
8900000474479,1
8900000474554,1
8900000475223,1
8900000475230,1
8900000475957,1
8900000476039,1
8900000477128,1
8900000477135,1
8900000477319,1
8900000478347,1
8900000479375,2
8900000479382,1
8900000480258,1
8900000480449,1
8900000481071,1
8900000483556,1
8900000483747,1
8900000484294,1
8900000484300,1
8900000484454,3
8900000484478,2
8900000484706,1
8900000484713,1
8900000484867,1
8900000484881,1
8900000484898,1
8900000484942,1
8900000484966,2
8900000485284,1
8900000485437,1
8900000485444,1
8900000486496,1
8900000486526,1
8900000486991,1
8900000487271,1
8900000487288,1
8900000487431,1
8900000487578,1
8900000487707,1
8900000489558,1
8900000489701,1
8900000489923,1
8900000490226,1
8900000490530,2
8900000490547,1
8900000490653,1
8900000490936,1
8900000490974,1
8900000491940,1
8900000492138,1
8900000492275,1
8900000494194,1
8900000495368,1
8900000495375,1
8900000495474,1
8900000495542,1
8900000495580,1
8900000495870,1
8900000495887,1
8900000495993,1
8900000500390,2
8900000500710,1
8900000500956,1
8900000501250,1
8900000501656,1
8900000501960,1
8900000502035,1
8900000502110,1
8900000502127,1
8900000502448,1
8900000502486,1
8900000502516,1
8900000502523,1
8900000502561,1
8900000502592,1
8900000502677,1
8900000502783,1
8900000502899,1
8900000503704,1
8900000503865,1
8900000503889,1
8900000504060,1
8900000504077,1
8900000504206,2
8900000504213,2
8900000504268,1
8900000504565,1
8900000504589,1
8900000505197,1
8900000505395,1
8900000505401,2
8900000505609,1
8900000505616,1
8900000505647,2
8900000505654,1
8900000505890,1
8900000506040,1
8900000506118,1
8900000506156,1
8900000506163,1
8900000506217,1
8900000506354,1
8900000506392,1
8900000506422,1
8900000506668,1
8900000506811,1
8900000506873,1
8900000506897,1
8900000506903,1
8900000506934,1
8900000507214,2
8900000507313,1
8900000507375,2
8900000507382,1
8900000507412,1
8900000507429,1
8900000507443,1
8900000507498,1
8900000507849,2
8900000507870,1
8900000507962,1
8900000507979,2
8900000508136,1
8900000508143,1
8900000508211,1
8900000508228,1
8900000508259,1
8900000508266,1
8900000508976,1
8900000509232,1
8900000509621,1
8900000509713,1
8900000510894,1
8900000511143,4
8900000511150,2
8900000511167,1
8900000511303,1
8900000511310,1
8900000511594,1
8900000513826,1
8900000513970,1
8900000514007,1
8900000514298,1
8900000514359,1
8900000514694,2
8900000514700,1
8900000514717,1
8900000515424,2
8900000515431,1
8900000515448,1
8900000515981,1
8900000516117,1
8900000516230,2
8900000516919,2
8900000518845,1
8900000518852,1
8900000519163,1
8900000527113,1
8900000527359,1
8900000529278,2
8900000540686,1
8900000548798,1
8900000553747,1
8900000553754,1
8900000567171,1
8900000568260,1
8900000570034,1
8900000570102,1
8900000570140,1
8900000570270,1
8900000570973,1
8900000571031,1
8900000571970,1
8900000571987,1
8900000572441,1
8900000572496,1
8900000572526,1
8900000572533,1
8900000572571,1
8900000572588,1
8900000572786,1
8900000572793,1
8900000572984,1
8900000573059,1
8900000573776,1
8900000574049,1
8900000574100,1
8900000574407,1
8900000574469,1
8900000574759,1
8900000574766,1
8900000574919,1
8900000575046,1
8900000575077,1
8900000575138,1
8900000575169,2
8900000576449,2
8900000577774,1
8900000577866,1
8900000577941,1
8900000578016,2
8900000578023,1
8900000578511,1
8900000578528,1
8900000578597,1
8900000578672,1
8900000578863,1
8900000578870,1
8900000578900,1
8900000578924,1
8900000579976,1
8900000580040,1
8900000580286,1
8900000581115,1
8900000581658,2
8900000581740,1
8900000581771,1
8900000581788,1
8900000581825,1
8900000581856,1
8900000582167,1
8900000582174,1
8900000582211,1
8900000582327,1
8900000582372,1
8900000582389,1
8900000582532,1
8900000582587,1
8900000582860,2
8900000582884,1
8900000583126,2
8900000583140,1
8900000583256,1
8900000583263,2
8900000583348,1
8900000583829,1
8900000584734,1
8900000584833,1
8900000584918,1
8900000584949,1
8900000584956,1
8900000584963,1
8900000585038,1
8900000585069,1
8900000585205,1
8900000585670,1
8900000585687,1
8900000585748,1
8900000586103,1
8900000586264,1
8900000586271,1
8900000586448,1
8900000586455,1
8900000586738,1
8900000586936,1
8900000586974,1
8900000587100,1
8900000587124,1
8900000587162,1
8900000587247,1
8900000589456,1
8900000589609,1
8900000589616,1
8900000589685,1
8900000589760,1
8900000589845,1
8900000589869,1
8900000589883,1
8900000590124,1
8900000590858,1
8900000590971,1
8900000592593,1
8900000593057,1
8900000593064,1
8900000593378,1
8900000593385,1
8900000593453,1
8900000593712,1
8900000593736,2
8900000593972,1
8900000594160,2
8900000594177,1
8900000594405,1
8900000594412,1
8900000594429,1
8900000596515,1
8900000596553,1
8900000596638,1
8900000598243,1
8900000599660,1
8900000599677,1
8900000599776,1
8900000599813,1
8900000599936,1
8900000600380,1
8900000600397,1
8900000601332,1
8900000601363,1
8900000601615,1
8900000601691,1
8900000602438,1
8900000602636,1
8900000603053,1
8900000603060,1
8900000604401,1
8900000605804,1
8900000605972,1
8900000605989,1
8900000606238,1
8900000606429,1
8900000607112,1
8900000607167,1
8900000607662,1
8900000607679,1
8900000608096,1
8900000608102,1
8900000608164,1
8900000608171,1
8900000608232,1
8900000608249,1
8900000608331,1
8900000608560,1
8900000608591,1
8900000608713,1
8900000608720,1
8900000609338,1
8900000609543,1
8900000609550,2
8900000609604,1
8900000609826,1
8900000610167,1
8900000610860,1
8900000610976,1
8900000611164,2
8900000611201,1
8900000611218,2
8900000611522,1
8900000611669,1
8900000611768,1
8900000611812,1
8900000612093,1
8900000612505,1
8900000612543,1
8900000612550,1
8900000612598,1
8900000612604,1
8900000612628,1
8900000612635,1
8900000612680,1
8900000613960,1
8900000614141,1
8900000614233,1
8900000614868,1
8900000614875,1
8900000614912,1
8900000615117,1
8900000615162,1
8900000615629,1
8900000615704,1
8900000615711,1
8900000615766,1
8900000616046,1
8900000616053,1
8900000616114,1
8900000616121,1
8900000616527,1
8900000616664,1
8900000617050,1
8900000617395,1
8900000617517,1
8900000617524,1
8900000617562,1
8900000617579,1
8900000618064,1
8900000618071,1
8900000618378,1
8900000618590,1
8900000619078,1
8900000619085,1
8900000619122,1
8900000619191,1
8900000619252,1
8900000619368,1
8900000619382,6
8900000619399,6
8900000619429,2
8900000619900,1
8900000619955,1
8900000620180,1
8900000621125,1
8900000621743,1
8900000621774,1
8900000621811,1
8900000622047,1
8900000622214,1
8900000622283,1
8900000622375,1
8900000622436,1
8900000622504,1
8900000622788,1
8900000622832,1
8900000623037,1
8900000623150,1
8900000623266,1
8900000623587,1
8900000623709,1
8900000623846,1
8900000624010,1
8900000624089,1
8900000624331,1
8900000624485,1
8900000624522,1
8900000624546,1
8900000624911,1
8900000625000,1
8900000625031,1
8900000625048,3
8900000625086,1
8900000625208,1
8900000625222,1
8900000625345,1
8900000625383,1
8900000625390,1
8900000625451,1
8900000625468,1
8900000625949,1
8900000626205,1
8900000626243,1
8900000626496,1
8900000626557,1
8900000626588,1
8900000626625,1
8900000626656,1
8900000626663,1
8900000626717,1
8900000626786,1
8900000626793,1
8900000627325,1
8900000627417,1
8900000627424,1
8900000627455,1
8900000627462,1
8900000627509,1
8900000627578,1
8900000627585,1
8900000627622,1
8900000627653,1
8900000627660,1
8900000627707,1
8900000627738,1
8900000627745,2
8900000627790,1
8900000627820,1
8900000627837,1
8900000627851,1
8900000627905,1
8900000628384,1
8900000628391,1
8900000628612,1
8900000628810,1
8900000628926,1
8900000628933,1
8900000628971,1
8900000629008,2
8900000629053,1
8900000629107,1
8900000629206,1
8900000629213,1
8900000629503,1
8900000630158,1
8900000630189,1
8900000630332,2
8900000630776,1
8900000630783,1
8900000630929,1
8900000630936,1
8900000630974,1
8900000630981,1
8900000631049,1
8900000631384,1
8900000631438,1
8900000631490,1
8900000631506,1
8900000631551,1
8900000631575,1
8900000631582,1
8900000631599,1
8900000631636,1
8900000631643,1
8900000631681,1
8900000631926,1
8900000631933,1
8900000631964,1
8900000632176,1
8900000632183,1
8900000632220,1
8900000632459,1
8900000632466,1
8900000632879,1
8900000632886,1
8900000633081,1
8900000633463,1
8900000633487,1
8900000633616,1
8900000633692,1
8900000633784,1
8900000634156,1
8900000634293,1
8900000634439,1
8900000634491,1
8900000634811,1
8900000634828,1
8900000634859,1
8900000635085,1
8900000635092,1
8900000635382,1
8900000635399,1
8900000635474,1
8900000635511,1
8900000635580,1
8900000635641,1
8900000635672,1
8900000635771,2
8900000635801,1
8900000635818,1
8900000636365,1
8900000636556,1
8900000636716,1
8900000636723,1
8900000636754,1
8900000636761,1
8900000636808,2
8900000636815,1
8900000637935,1
8900000638246,1
8900000638307,1
8900000639021,1
8900000639106,1
8900000639175,1
8900000639229,1
8900000639335,1
8900000639403,1
8900000639588,1
8900000639595,1
8900000639625,1
8900000639632,1
8900000639663,1
8900000639748,1
8900000639755,1
8900000639953,1
8900000639960,1
8900000640294,1
8900000640324,1
8900000640331,1
8900000640928,3
8900000641161,1
8900000641178,1
8900000641208,2
8900000641215,1
8900000641246,1
8900000641253,1
8900000641277,1
8900000641284,2
8900000641321,1
8900000641338,1
8900000641420,1
8900000641437,1
8900000641468,1
8900000641475,1
8900000641482,1
8900000641499,1
8900000641703,1
8900000642083,1
8900000642090,1
8900000642441,1
8900000642526,1
8900000643066,1
8900000643127,1
8900000643196,1
8900000643202,1
8900000643431,1
8900000643660,2
8900000644087,2
8900000644117,1
8900000644124,1
8900000644162,1
8900000644216,1
8900000644223,1
8900000644452,1
8900000644483,1
8900000644490,1
8900000644568,1
8900000644834,1
8900000645084,1
8900000645091,1
8900000645282,1
8900000645336,1
8900000645404,1
8900000645527,1
8900000645534,1
8900000645602,1
8900000645749,1
8900000645787,1
8900000646883,1
8900000646890,1
8900000646906,1
8900000647576,1
8900000647583,1
8900000647668,1
8900000647675,1
8900000647910,1
8900000648283,1
8900000648443,1
8900000648474,1
8900000648818,1
