8900000361090	1
8900000360864	1
8900000360840	1
8900000360826	2
8900000360802	2
8900000360741	1
8900000360734	2
8900000360710	1
8900000360703	1
8900000360697	2
8900000360680	3
8900000360666	4
8900000360499	1
8900000359301	1
8900000359202	1
8900000359196	1
8900000358007	1
8900000357154	1
8900000357093	2
8900000356980	1
8900000356973	1
8900000356966	2
8900000356959	4
8900000356898	1
8900000355747	3
8900000354917	1
8900000354887	1
8900000354825	1
8900000354818	2
8900000354801	2
8900000354603	1
8900000354092	1
8900000354085	1
8900000353965	1
8900000352661	1
8900000352654	1
8900000352258	3
8900000351008	16
8900000350735	1
8900000350728	2
8900000350407	1
8900000349951	2
8900000349944	4
8900000349937	3
8900000349685	11
8900000349265	1
8900000347681	1
8900000347346	5
8900000343003	1
8900000342990	2
8900000342983	1
8900000342914	1
8900000342884	1
8900000342600	1
8900000342143	1
8900000338108	1
8900000336029	5
8900000336012	5
8900000335992	3
8900000335985	15
8900000335978	17
8900000335961	12
8900000335503	1
8900000335459	1
8900000326624	1
8900000326617	4
8900000326600	1
8900000326594	1
8900000323555	1
8900000323548	1
8900000323531	1
8900000315383	1
8900000310593	1
8900000304929	1
8900000285501	1
8900000252725	1
8900000252688	1
8900000252664	1
8900000229376	1
8900000220618	6
8900000220588	2
8900000219278	1
8900000183661	1
8900000162857	2
8900000119226	1
8900000036776	1
8900000036769	16
8900000036752	9
8900000036745	3
8900000006250	2
8900000361724	1
8900000338405	533
8900000325573	1
8900000363353	1
8900000363797	1
8900000361984	2
8900000363575	1
8900000365210	1
8900000365296	2
8900000365302	2
8900000365340	1
8900000364718	1
8900000364787	1
8900000365982	1
8900000366644	2
8900000366651	2
8900000366699	1
8900000366194	1
8900000365920	1
8900000367597	1
8900000351022	2
8900000349678	14
8900000368921	1
8900000368990	1
8900000253920	1
8900000291649	2
8900000288724	1
8900000334742	1
8900000251353	2
8900000329397	1
8900000291632	1
8900000334780	1
8900000251698	2
8900000183647	1
8900000334759	2
8900000215119	2
8900000320615	1
8900000320622	1
8900000275670	3
8900000263349	1
8900000320707	1
8900000326440	1
8900000326372	1
8900000289349	1
8900000320677	1
8900000320691	2
8900000288694	1
8900000291670	1
8900000275700	2
8900000275748	1
8900000291625	2
8900000320608	1
8900000289332	2
8900000269051	1
8900000326457	1
8900000287987	1
8900000275687	3
8900000370320	1
8900000370245	1
8900000371228	1
8900000371204	1
8900000189342	1
8900000374250	1
8900000375363	1
8900000375226	1
8900000375714	3
8900000375721	5
8900000375738	1
8900000375745	1
8900000375769	1
8900000375776	1
8900000375509	1
8900000375530	1
8900000376490	1
8900000376506	1
8900000376285	1
8900000376353	1
8900000376919	1
8900000376940	1
8900000376872	1
8900000376896	1
8900000284757	16
8900000284061	24
8900000284108	7
8900000284115	1
8900000378395	1
8900000379002	1
8900000378999	1
8900000378968	1
8900000283347	18
8900000283385	9
8900000378845	1
8900000378746	1
8900000378777	1
8900000285532	1
8900000379231	1
8900000380459	1
8900000380503	1
8900000380077	2
8900000380107	1
8900000379910	1
8900000379972	1
8900000380343	1
8900000380770	1
8900000380169	1
8900000381296	1
8900000381111	1
8900000382699	1
8900000382705	1
8900000384440	1
8900000384365	1
8900000385676	1
8900000385614	1
8900000385041	2
8900000387298	1
8900000392865	1
8900000391349	1
8900000391363	1
8900000388783	1
8900000395149	9
8900000395163	8
8900000394081	3
8900000393626	28
8900000393633	37
8900000393640	25
8900000393657	17
8900000393664	3
8900000393671	9
8900000393688	15
8900000393695	11
8900000395293	1
8900000396634	1
8900000396122	1
8900000396139	1
8900000394715	1
8900000396962	3
8900000396979	3
8900000396986	2
8900000395378	1
8900000394814	1
8900000397754	17
8900000397761	24
8900000397778	28
8900000397785	15
8900000397792	7
8900000397808	22
8900000397815	19
8900000397822	19
8900000392599	21
8900000392605	19
8900000392612	18
8900000392629	9
8900000392636	2
8900000392650	12
8900000392643	8
8900000392667	8
8900000393930	30
8900000393947	38
8900000393954	33
8900000393961	9
8900000393978	14
8900000393985	27
8900000393992	29
8900000394005	14
8900000393701	27
8900000393718	44
8900000393725	42
8900000393732	20
8900000393749	18
8900000393756	32
8900000393763	34
8900000393770	13
8900000398683	1
8900000398706	1
8900000395651	2
8900000395668	31
8900000395675	46
8900000395682	69
8900000395699	34
8900000395705	15
8900000395729	10
8900000389544	2
8900000398072	1
8900000398089	6
8900000398096	4
8900000397914	2
8900000397976	1
8900000384730	1
8900000384754	3
8900000384785	1
8900000384792	1
8900000392513	1
8900000392520	1
8900000392537	1
8900000392544	1
8900000392568	4
8900000392575	1
8900000392582	1
8900000395811	1
8900000395828	2
8900000398744	1
8900000398775	1
8900000397273	1
8900000397310	1
8900000397327	1
8900000392292	1
8900000393862	4
8900000393909	17
8900000393916	28
8900000393923	1
8900000390724	1
8900000387168	1
8900000394104	24
8900000394111	27
8900000394128	22
8900000394135	13
8900000394142	7
8900000394159	6
8900000394166	6
8900000394173	8
8900000394463	1
8900000394470	1
8900000394487	1
8900000394494	1
8900000397341	1
8900000397365	1
8900000397389	1
8900000385812	1
8900000385829	1
8900000385850	2
8900000386802	1
8900000386833	1
8900000390694	2
8900000390700	1
8900000386956	1
8900000386994	2
8900000396733	1
8900000397990	9
8900000398003	11
8900000398010	13
8900000398034	1
8900000398058	1
8900000382934	1
8900000385393	1
8900000385409	2
8900000385423	1
8900000385447	1
8900000383863	1
8900000386109	1
8900000383399	1
8900000383795	1
8900000384518	17
8900000384525	6
8900000384532	9
8900000389445	1
8900000389452	1
8900000381791	1
8900000382262	1
8900000382293	1
8900000382330	1
8900000382422	2
8900000382446	2
8900000386147	1
8900000390830	1
8900000387717	1
8900000387731	3
8900000387779	1
8900000387403	1
8900000387458	1
8900000384846	4
8900000384853	1
8900000384891	1
8900000386291	4
8900000386307	3
8900000386314	2
8900000386345	2
8900000386369	1
8900000388097	1
8900000389155	1
8900000382231	1
8900000389339	1
8900000389254	1
8900000389018	1
8900000389032	2
8900000389056	1
8900000389070	1
8900000391547	1
8900000384037	1
8900000395897	4
8900000395903	3
8900000396948	1
8900000398577	1
8900000388318	1
8900000388332	1
8900000396849	1
8900000399819	11
8900000399826	26
8900000399833	22
8900000399840	1
8900000399864	13
8900000399871	20
8900000399888	3
8900000398195	2
8900000398232	1
8900000398256	4
8900000398263	2
8900000400874	1
8900000399055	1
8900000399062	1
8900000399093	1
8900000399109	1
8900000399154	2
8900000397723	1
8900000394876	1
8900000401741	1
8900000401376	1
8900000401437	1
8900000401031	1
8900000401055	1
8900000399918	3
8900000402052	1
8900000397150	2
8900000397167	2
8900000397075	2
8900000397082	1
8900000397112	5
8900000397129	5
8900000399970	1
8900000401772	2
8900000402465	1
8900000403363	1
8900000398157	1
8900000402083	1
8900000401062	1
8900000401086	1
8900000403400	2
8900000403417	1
8900000403431	4
8900000403448	2
8900000403479	1
8900000403486	1
8900000402342	1
8900000403974	44
8900000403981	60
8900000403998	39
8900000404001	10
8900000397419	1
8900000404933	1
8900000405466	1
8900000405329	1
8900000403547	1
8900000403561	1
8900000403592	1
8900000404971	1
8900000405534	1
8900000404803	1
8900000394975	1
8900000405831	19
8900000405848	32
8900000405855	23
8900000405862	9
8900000405879	1
8900000405886	11
8900000405893	24
8900000405909	4
8900000406036	1
8900000406043	2
8900000406050	1
8900000406258	1
8900000406104	1
8900000404629	3
8900000404636	1
8900000404728	2
8900000404735	1
8900000406357	1
8900000304967	3
8900000408900	20
8900000408917	5
8900000408924	1
8900000408931	2
8900000408948	3
8900000408955	1
8900000409068	5
8900000409099	1
8900000409136	2
8900000409174	1
8900000409327	1
8900000409341	1
8900000409464	11
8900000409488	1
8900000409495	2
8900000409532	1
8900000408580	7
8900000408627	1
8900000409228	8
8900000409242	1
8900000409266	1
8900000408269	1
8900000408306	2
8900000407873	1
8900000407934	1
8900000410187	15
8900000410194	27
8900000409785	2
8900000409822	1
8900000407798	1
8900000407811	4
8900000407828	1
8900000407842	1
8900000407057	1
8900000407088	1
8900000406869	3
8900000406883	1
8900000411184	19
8900000411191	6
8900000411207	4
8900000411221	1
8900000411238	1
8900000411245	1
8900000409624	1
8900000409662	1
8900000411320	1
8900000412358	19
8900000412365	2
8900000412372	2
8900000409037	1
8900000411757	1
8900000408047	2
8900000408085	2
8900000407996	1
8900000408825	1
8900000410835	1
8900000406838	2
8900000407101	1
8900000407132	1
8900000411146	1
8900000411153	1
8900000411177	1
8900000412594	7
8900000412617	6
8900000409754	1
8900000412679	2
8900000412693	4
8900000411115	1
8900000412747	29
8900000412754	11
8900000412761	16
8900000412785	3
8900000412792	5
8900000412808	2
8900000250752	1
8900000349777	9
8900000315406	2
8900000304981	1
8900000315444	1
8900000315390	1
8900000250790	1
8900000264278	1
8900000229406	1
8900000247455	1
8900000224050	1
8900000315369	1
8900000224012	1
8900000304998	1
8900000224043	1
8900000220571	1
8900000414512	1
8900000414529	1
8900000414536	5
8900000414543	4
8900000414550	3
8900000414581	1
8900000413669	2
8900000413690	2
8900000413706	2
8900000409235	7
8900000409273	2
8900000409297	1
8900000400348	2
8900000400355	30
8900000400362	9
8900000409792	1
8900000409808	2
8900000409846	1
8900000414178	1
8900000414208	1
8900000413553	2
8900000413560	2
8900000413577	2
8900000415038	3
8900000415045	2
8900000415069	1
8900000414383	1
8900000414390	1
8900000415205	1
8900000415298	2
8900000414963	1
8900000405930	2
8900000405947	2
8900000405954	1
8900000400317	1
8900000400331	1
8900000416165	2
8900000416295	2
8900000416301	2
8900000416325	1
8900000416448	1
8900000416479	1
8900000416486	1
8900000416363	1
8900000415663	3
8900000417292	2
8900000417322	2
8900000417339	2
8900000417001	1
8900000416561	1
8900000416585	1
8900000416837	25
8900000416844	38
8900000416851	16
8900000416868	4
8900000416875	2
8900000417087	1
8900000416653	1
8900000415359	2
8900000415748	10
8900000419135	2
8900000419081	1
8900000419234	2
8900000419258	1
8900000417476	6
8900000417452	3
8900000417247	1
8900000418329	2
8900000419401	6
8900000418848	1
8900000415687	1
8900000415700	1
8900000418213	14
8900000418640	2
8900000418046	1
8900000419524	1
8900000420377	1
8900000420384	4
8900000417520	1
8900000420339	2
8900000417582	1
8900000417605	2
8900000420513	3
8900000420551	6
8900000420506	6
8900000420544	8
8900000420483	3
8900000420520	6
8900000420537	10
8900000420490	5
8900000420568	2
8900000420575	5
8900000420612	9
8900000420599	7
8900000420636	8
8900000420582	8
8900000420629	9
8900000420858	1
8900000420872	9
8900000420889	2
8900000420896	6
8900000420902	5
8900000420919	3
8900000417438	1
8900000417100	1
8900000421534	2
8900000421565	2
8900000421589	1
8900000421602	1
8900000416882	1
8900000421619	1
8900000421695	1
8900000421725	1
8900000422166	1
8900000421893	2
8900000421046	1
8900000421084	1
8900000416257	1
8900000416264	1
8900000418381	1
8900000417810	1
8900000417858	1
8900000422678	1
8900000423521	1
8900000423545	1
8900000423675	1
8900000419111	1
8900000423088	7
8900000423118	1
8900000423132	1
8900000423156	1
8900000425952	1
8900000421930	1
8900000421978	1
8900000421121	2
8900000428687	1
8900000425563	1
8900000426355	1
8900000426416	1
8900000426423	1
8900000422081	3
8900000422128	2
8900000422142	1
8900000425075	2
8900000422920	1
8900000427475	1
8900000427529	1
8900000424689	1
8900000424696	1
8900000422722	1
8900000419913	1
8900000422968	1
8900000422487	2
8900000422517	1
8900000422524	1
8900000419784	1
8900000419791	1
8900000424085	1
8900000429417	1
8900000429462	1
8900000427666	1
8900000425419	1
8900000431496	1
8900000431519	1
8900000426775	1
8900000426546	1
8900000429158	1
8900000426591	1
8900000426638	1
8900000431632	2
8900000423057	1
8900000425358	1
8900000425365	1
8900000425372	2
8900000425389	1
8900000385164	1
8900000415168	1
8900000415175	1
8900000385188	1
8900000419432	1
8900000423170	1
8900000423224	1
8900000417872	4
8900000433520	2
8900000433537	2
8900000433568	2
8900000433575	1
8900000433384	1
8900000433407	1
8900000433421	1
8900000433469	1
8900000433483	1
8900000431953	1
8900000431960	1
8900000431977	5
8900000432004	4
8900000432011	1
8900000433582	1
8900000420469	1
8900000420476	1
8900000434374	2
8900000434398	2
8900000434886	13
8900000434893	23
8900000434909	12
8900000434916	7
8900000432073	1
8900000435876	1
8900000435043	1
8900000435067	1
8900000431823	1
8900000433957	1
8900000415717	1
8900000435265	1
8900000415762	5
8900000415779	2
8900000415809	2
8900000436200	1
8900000434039	1
8900000434046	1
8900000436798	1
8900000436811	1
8900000436835	1
8900000434114	1
8900000437436	1
8900000437214	1
8900000438280	3
8900000438297	3
8900000439126	3
8900000439157	1
8900000438563	3
8900000438570	2
8900000438594	1
8900000437993	1
8900000439683	4
8900000439706	1
8900000438129	2
8900000440085	3
8900000441754	1
8900000439492	2
8900000439508	4
8900000439522	1
8900000440603	2
8900000442287	2
8900000442294	1
8900000437344	1
8900000437351	1
8900000441877	1
8900000441204	10
8900000441211	2
8900000441228	1
8900000441235	2
8900000442836	1
8900000442843	1
8900000442416	1
8900000442423	1
8900000442447	2
8900000443550	1
8900000443871	1
8900000446445	1
8900000445851	1
8900000445868	2
8900000445875	1
8900000446148	1
8900000446193	1
8900000442751	1
8900000441082	1
8900000446551	1
8900000445387	2
8900000445400	1
8900000446629	23
8900000447602	5
8900000447480	1
8900000447497	5
8900000447503	9
8900000447510	2
8900000418206	3
8900000418220	1
8900000447800	2
8900000447770	1
8900000447527	2
8900000447534	13
8900000447541	1
8900000447657	4
8900000447473	1
8900000432516	1
8900000447732	1
8900000448524	1
8900000448159	1
8900000449644	1
8900000447923	1
8900000448005	1
8900000442980	9
8900000449927	1
8900000449521	1
8900000443178	1
8900000442973	16
8900000442997	6
8900000450787	1
8900000450800	1
8900000441242	1
8900000451333	7
8900000451340	13
8900000450909	2
8900000443765	3
8900000443772	6
8900000451685	1
8900000451708	1
8900000451579	2
8900000451746	1
8900000426621	3
8900000426669	1
8900000429950	2
8900000452736	1
8900000383108	3
8900000383139	1
8900000453986	20
8900000453993	25
8900000454006	26
8900000454020	5
8900000454037	1
8900000454044	2
8900000454181	1
8900000454198	1
8900000452583	1
8900000442355	1
8900000447305	1
8900000447312	1
8900000458134	2
8900000457601	1
8900000404667	1
8900000404674	1
8900000408122	1
8900000418398	1
8900000458004	1
8900000458806	2
8900000458813	3
8900000461776	1
8900000449545	1
8900000463909	1
8900000456963	1
8900000461172	1
8900000463091	2
8900000442270	1
8900000460762	1
8900000463466	1
8900000465330	1
8900000464104	2
8900000466207	2
8900000466528	8
8900000467327	1
8900000467334	1
8900000467341	5
8900000467358	1
8900000463299	1
8900000442362	1
8900000465958	1
8900000465972	1
8900000466023	1
8900000451111	1
8900000467396	1
8900000467402	1
8900000467440	2
8900000467457	1
8900000467464	1
8900000467792	11
8900000467808	1
8900000467815	2
8900000467822	3
8900000467839	5
8900000467846	2
8900000467853	1
8900000467860	2
8900000447381	1
8900000467495	2
8900000467501	2
8900000468744	1
8900000467990	1
8900000468089	2
8900000468119	2
8900000433759	1
8900000467877	2
8900000467884	3
8900000467891	1
8900000467907	1
8900000467914	2
8900000467921	3
8900000467938	1
8900000466559	1
8900000466566	3
8900000468072	2
8900000468126	1
8900000467518	1
8900000468751	2
8900000470815	3
8900000470389	1
8900000470402	1
8900000470433	1
8900000468164	15
8900000468188	1
8900000469833	1
8900000469772	1
8900000472604	1
8900000472611	1
8900000470235	1
8900000473090	1
8900000472369	1
8900000472383	1
8900000467969	3
8900000467976	2
8900000471607	1
8900000471584	1
8900000471782	1
8900000470167	1
8900000471737	2
8900000471744	1
8900000466658	3
8900000471447	1
8900000471485	1
8900000473120	1
8900000473137	1
8900000473168	1
8900000472345	1
8900000472789	1
8900000472819	1
8900000473472	1
8900000473496	3
8900000466580	1
8900000473595	13
8900000473915	6
8900000474196	1
8900000474639	3
8900000474684	1
8900000475148	1
8900000475421	3
8900000474820	1
8900000474547	17
8900000474554	16
8900000474561	23
8900000474585	1
8900000474592	3
8900000475957	1
8900000475964	23
8900000475186	24
8900000475193	1
8900000475926	3
8900000475933	1
8900000474929	2
8900000474486	1
8900000474509	2
8900000476244	4
8900000476251	15
8900000476268	16
8900000476282	1
8900000413126	1
8900000477203	1
8900000477210	2
8900000477227	1
8900000478002	2
8900000478019	2
8900000478026	7
8900000478279	1
8900000478309	1
8900000478347	2
8900000478354	1
8900000478361	1
8900000478378	3
8900000478392	1
8900000477562	20
8900000477579	32
8900000477586	15
8900000477616	9
8900000477623	1
8900000478644	1
8900000478675	3
8900000477456	1
8900000477463	1
8900000477470	2
8900000477487	2
8900000477647	30
8900000477654	31
8900000477661	30
8900000477678	5
8900000477685	1
8900000477708	1
8900000478088	14
8900000478095	25
8900000478101	10
8900000477760	1
8900000479535	1
8900000479559	1
8900000479580	2
8900000479603	1
8900000479450	2
8900000479474	1
8900000479481	1
8900000479498	1
8900000479870	1
8900000479962	1
8900000479375	8
8900000479382	4
8900000479399	1
8900000479429	1
8900000479436	1
8900000479443	1
8900000480166	3
8900000480173	2
8900000480180	10
8900000480210	1
8900000480227	2
8900000480234	1
8900000480241	1
8900000483532	1
8900000483549	1
8900000483570	1
8900000483464	1
8900000483471	2
8900000483501	1
8900000483518	1
8900000477142	15
8900000477135	28
8900000477128	14
8900000484126	3
8900000484164	3
8900000466627	1
8900000484478	64
8900000484461	38
8900000484454	4
8900000484492	47
8900000484515	1
8900000484508	10
8900000484485	84
8900000484829	2
8900000485437	6
8900000485444	15
8900000485451	27
8900000485468	26
8900000485475	16
8900000485482	13
8900000484300	50
8900000484317	112
8900000484324	112
8900000484331	39
8900000484348	8
8900000484355	6
8900000485390	9
8900000485406	1
8900000485413	1
8900000485239	1
8900000485246	1
8900000484980	1
8900000484706	7
8900000484713	34
8900000484720	77
8900000484737	89
8900000484744	50
8900000484751	15
8900000484768	2
8900000486403	1
8900000485284	3
8900000485291	14
8900000485307	40
8900000485314	23
8900000485321	7
8900000485345	3
8900000486083	1
8900000484867	1
8900000484874	34
8900000484881	55
8900000484898	86
8900000484904	33
8900000484911	12
8900000485970	1
8900000486014	2
8900000484560	3
8900000484577	15
8900000484607	3
8900000484614	3
8900000484621	26
8900000484638	47
8900000484645	48
8900000484652	33
8900000484669	9
8900000484676	8
8900000487257	1
8900000486564	3
8900000486823	1
8900000487578	3
8900000487585	1
8900000487615	2
8900000487622	2
8900000487639	2
8900000487646	1
8900000487660	6
8900000487691	1
8900000487707	2
8900000487011	1
8900000487288	11
8900000487295	26
8900000487301	25
8900000487318	17
8900000487325	2
8900000487332	2
8900000488001	1
8900000487738	2
8900000488360	7
8900000488377	4
8900000488391	1
8900000488230	2
8900000489039	3
8900000489046	1
8900000489053	1
8900000488988	2
8900000488858	4
8900000488605	1
8900000488612	1
8900000486069	1
8900000486052	1
8900000486045	2
8900000488520	9
8900000488537	2
8900000488544	2
8900000349708	4
8900000488452	3
8900000488933	1
8900000480760	1
8900000480777	1
8900000481088	2
8900000488995	3
8900000349722	3
8900000349739	14
8900000349746	34
8900000349753	29
8900000349760	16
8900000489671	6
8900000489688	3
8900000489978	2
8900000489985	1
8900000489992	1
8900000489916	1
8900000489572	1
8900000489589	1
8900000490011	1
8900000490035	1
8900000490059	4
8900000490202	1
8900000490288	2
8900000490301	1
8900000490851	15
8900000490875	17
8900000490929	1
8900000490967	1
8900000491247	1
8900000491278	1
8900000491940	1
8900000491322	3
8900000491377	2
8900000491292	4
8900000491308	1
8900000492091	11
8900000492114	9
8900000492138	1
8900000492145	1
8900000492152	1
8900000491780	2
8900000491797	2
8900000491827	1
8900000492183	6
8900000492206	8
8900000492237	1
8900000493623	1
8900000492763	1
8900000492886	1
8900000493548	2
8900000493555	1
8900000493906	5
8900000494767	2
8900000494774	1
8900000493999	14
8900000494002	12
8900000494019	2
8900000494040	1
8900000494064	1
8900000495030	1
8900000495177	1
8900000495245	1
8900000495252	1
8900000492985	1
8900000493012	1
8900000493029	3
8900000493036	1
8900000495382	1
8900000494187	5
8900000494200	3
8900000495504	2
8900000495863	12
8900000495870	15
8900000495887	6
8900000495443	1
8900000495450	2
8900000495481	3
8900000495535	4
8900000495542	2
8900000495559	1
8900000494132	2
8900000494149	3
8900000495726	1
8900000495757	3
8900000495580	1
8900000495634	1
8900000496099	1
8900000497157	2
8900000484683	3
8900000494163	1
8900000494170	1
8900000490752	1
8900000497515	4
8900000497522	1
8900000497539	29
8900000497546	47
8900000497553	19
8900000497560	5
8900000497584	1
8900000500314	1
8900000500376	10
8900000500383	25
8900000500390	28
8900000500406	7
8900000500697	1
8900000500888	1
8900000500956	2
8900000500963	1
8900000500611	1
8900000501274	1
8900000501656	1
8900000502196	2
8900000502202	1
8900000502684	1
8900000501168	1
8900000501212	1
8900000501953	1
8900000501960	1
8900000501939	2
8900000502158	1
8900000502165	1
8900000502172	4
8900000502080	27
8900000502097	19
8900000502103	2
8900000502110	1
8900000502127	6
8900000502134	5
8900000502479	4
8900000501991	1
8900000502011	3
8900000502028	3
8900000502042	1
8900000502059	4
8900000501816	1
8900000502554	4
8900000502561	2
8900000502578	21
8900000502608	6
8900000502615	2
8900000503636	1
8900000503919	1
8900000504183	1
8900000504060	28
8900000504077	28
8900000504084	15
8900000504091	5
8900000504114	4
8900000504121	5
8900000504329	1
8900000504008	2
8900000504565	10
8900000504572	6
8900000504695	25
8900000504718	1
8900000504725	8
8900000504206	21
8900000504213	20
8900000504220	25
8900000504237	9
8900000504251	7
8900000504268	16
8900000504275	1
8900000504787	1
8900000504435	1
8900000505357	12
8900000505364	24
8900000505371	11
8900000505630	4
8900000505647	2
8900000505654	2
8900000505661	2
8900000505609	7
8900000505616	1
8900000505623	1
8900000505838	3
8900000505852	3
8900000505869	1
8900000505531	3
8900000505548	4
8900000505555	3
8900000505562	1
8900000505920	1
8900000505937	2
8900000505876	11
8900000505883	15
8900000505890	10
8900000505906	1
8900000506125	4
8900000506132	1
8900000506088	1
8900000506095	2
8900000506101	1
8900000506163	1
8900000506170	6
8900000506187	1
8900000505395	4
8900000505401	17
8900000505418	5
8900000506194	4
8900000506200	4
8900000506217	12
8900000506231	2
8900000506248	15
8900000506255	6
8900000506262	1
8900000503827	58
8900000503834	76
8900000503841	45
8900000503858	10
8900000503865	4
8900000503872	20
8900000503889	15
8900000503896	3
8900000505340	1
8900000506378	1
8900000505807	1
8900000505814	1
8900000505715	1
8900000505722	14
8900000505449	1
8900000505470	1
8900000505487	3
8900000504633	1
8900000506552	6
8900000506569	20
8900000506576	2
8900000509119	14
8900000509089	24
8900000509096	10
8900000506392	9
8900000506408	18
8900000506415	1
8900000506538	1
8900000509225	4
8900000509232	4
8900000507924	3
8900000505241	2
8900000507962	2
8900000507979	9
8900000507986	41
8900000507993	52
8900000508006	17
8900000508013	2
8900000508020	5
8900000506606	28
8900000506613	43
8900000506620	46
8900000506637	31
8900000509126	8
8900000509133	14
8900000509140	1
8900000507320	9
8900000507337	20
8900000507344	1
8900000509607	7
8900000509614	13
8900000509621	24
8900000509638	17
8900000509645	14
8900000509652	5
8900000509669	4
8900000509706	2
8900000509713	7
8900000509720	5
8900000509737	6
8900000509744	1
8900000507832	5
8900000507849	13
8900000507863	6
8900000507870	20
8900000507887	3
8900000507764	1
8900000509256	3
8900000509263	9
8900000509270	9
8900000509287	6
8900000509294	2
8900000509300	1
8900000509317	6
8900000509324	2
8900000509522	2
8900000509539	2
8900000509546	18
8900000509553	11
8900000509560	2
8900000507818	10
8900000507771	3
8900000507788	9
8900000510016	2
8900000507054	1
8900000510436	1
8900000509874	9
8900000509881	16
8900000509898	8
8900000506828	1
8900000506866	1
8900000506880	1
8900000507368	18
8900000507375	24
8900000507382	13
8900000507429	1
8900000507603	19
8900000507610	22
8900000507627	16
8900000509782	3
8900000509799	13
8900000509805	30
8900000509812	33
8900000509829	18
8900000509836	8
8900000509843	4
8900000511013	1
8900000511112	1
8900000507542	1
8900000507580	1
8900000510894	2
8900000510900	1
8900000510917	6
8900000510924	1
8900000510931	1
8900000510948	6
8900000511372	22
8900000511389	20
8900000511396	13
8900000511402	4
8900000511419	3
8900000511426	1
8900000511433	1
8900000512041	1
8900000512294	1
8900000511556	1
8900000511563	1
8900000512157	8
8900000512164	11
8900000512171	7
8900000513406	1
8900000512454	1
8900000513352	1
8900000513161	3
8900000484935	1
8900000511167	30
8900000511174	32
8900000511181	12
8900000513031	1
8900000512799	2
8900000512805	1
8900000494514	1
8900000512836	1
8900000512881	1
8900000513765	3
8900000513772	10
8900000513789	6
8900000513796	3
8900000513802	1
8900000514298	15
8900000514304	24
8900000514311	13
8900000514342	4
8900000514359	1
8900000514366	1
8900000508082	2
8900000508099	7
8900000508105	3
8900000508112	1
8900000514540	2
8900000514571	1
8900000514588	1
8900000514267	1
8900000514281	6
8900000515011	3
8900000515028	1
8900000515035	2
8900000515417	2
8900000515424	16
8900000515431	37
8900000515448	35
8900000515455	15
8900000515462	6
8900000515479	3
8900000509027	1
8900000515097	7
8900000515103	6
8900000515134	3
8900000515141	3
8900000514694	7
8900000514700	20
8900000514717	81
8900000514724	95
8900000514731	40
8900000514748	19
8900000514755	4
8900000514762	2
8900000515264	1
8900000514809	1
8900000515172	1
8900000515219	1
8900000515653	1
8900000515806	7
8900000515813	13
8900000515820	32
8900000515837	34
8900000515844	14
8900000515851	11
8900000515868	3
8900000516070	1
8900000516087	3
8900000516117	1
8900000329281	1
8900000329243	1
8900000333493	1
8900000287895	1
8900000278831	1
8900000516155	1
8900000516162	4
8900000516193	2
8900000516209	3
8900000515943	1
8900000516247	1
8900000516278	1
8900000513970	6
8900000513994	2
8900000514038	1
8900000516902	20
8900000516919	53
8900000516926	48
8900000516933	4
8900000516940	4
8900000516957	24
8900000516964	25
8900000516971	6
8900000515981	6
8900000515998	8
8900000516001	4
8900000516032	4
8900000516049	3
8900000516582	1
8900000511150	18
8900000517183	2
8900000517329	1
8900000517336	1
8900000517374	2
8900000517923	1
8900000518302	11
8900000518319	12
8900000518326	21
8900000518333	12
8900000518340	6
8900000518104	2
8900000518555	1
8900000518234	1
8900000517657	1
8900000517664	1
8900000518784	1
8900000494712	1
8900000320585	1
8900000342150	1
8900000509584	1
8900000518791	43
8900000518807	35
8900000518814	41
8900000518838	3
8900000518845	1
8900000518852	1
8900000326518	1
8900000250554	1
8900000164295	1
8900000285631	1
8900000318803	1
8900000257195	1
8900000518470	2
8900000510832	1
8900000510849	1
8900000510863	2
8900000518883	2
8900000518890	2
8900000518968	5
8900000518975	2
8900000529827	1
8900000529278	9
8900000529285	3
8900000529308	1
8900000529315	5
8900000529346	2
8900000519170	3
8900000519194	5
8900000519217	1
8900000519071	1
8900000338078	1
8900000338085	1
8900000527106	33
8900000527113	37
8900000527120	25
8900000527137	4
8900000527144	3
8900000553747	1
8900000553754	11
8900000553785	1
8900000553792	4
8900000548842	1
8900000529766	1
8900000529797	1
8900000529698	1
8900000529728	1
8900000560639	1
8900000560653	2
8900000560677	1
8900000560530	7
8900000560547	3
8900000560592	1
8900000560707	1
8900000510856	2
8900000567171	1
8900000568116	3
8900000566952	1
8900000559251	1
8900000559282	1
8900000527366	2
8900000527274	1
8900000570102	33
8900000570119	31
8900000570126	20
8900000570140	4
8900000570157	32
8900000570164	18
8900000569861	4
8900000569885	1
8900000569892	1
8900000569915	3
8900000569939	1
8900000570461	2
8900000570492	1
8900000570300	1
8900000568222	2
8900000568253	1
8900000572106	1
8900000571970	15
8900000571987	13
8900000571994	12
8900000572021	6
8900000571895	8
8900000571901	7
8900000571918	2
8900000570737	42
8900000570744	53
8900000570751	37
8900000570768	9
8900000570775	9
8900000570782	8
8900000570799	9
8900000570805	6
8900000572229	1
8900000572236	3
8900000569953	1
8900000569960	1
8900000569977	3
8900000569984	3
8900000569991	1
8900000570010	3
8900000572694	4
8900000572700	6
8900000572731	4
8900000572748	2
8900000570652	41
8900000570669	54
8900000570676	36
8900000570683	9
8900000570690	9
8900000570706	11
8900000570713	8
8900000570720	4
8900000570973	14
8900000570997	6
8900000571024	1
8900000573066	1
8900000572441	16
8900000572458	22
8900000572465	17
8900000572472	2
8900000572489	6
8900000572502	3
8900000572519	1
8900000527229	2
8900000527243	1
8900000572809	9
8900000572830	2
8900000572526	14
8900000572533	12
8900000572540	10
8900000572588	1
8900000571093	5
8900000571123	1
8900000574407	14
8900000574414	23
8900000574421	15
8900000574445	9
8900000574452	5
8900000574469	1
8900000506590	2
8900000506644	10
8900000574322	1
8900000574339	1
8900000572397	6
8900000494491	3
8900000574049	39
8900000574056	39
8900000574063	27
8900000574070	7
8900000574087	3
8900000574094	13
8900000574100	10
8900000574117	3
8900000574759	7
8900000574773	1
8900000574810	1
8900000575039	3
8900000576265	4
8900000576142	1
8900000576159	1
8900000576180	3
8900000575152	11
8900000575169	6
8900000575176	10
8900000574254	2
8900000575077	2
8900000575329	14
8900000575343	1
8900000575350	6
8900000576340	4
8900000576357	10
8900000576364	2
8900000576371	3
8900000578863	10
8900000578870	14
8900000578887	30
8900000578894	11
8900000578900	7
8900000578917	14
8900000578924	16
8900000578931	4
8900000578528	1
8900000578573	1
8900000576944	7
8900000576951	1
8900000578016	16
8900000578023	20
8900000578030	4
8900000577934	19
8900000577941	7
8900000577958	2
8900000577996	1
8900000577774	6
8900000577781	6
8900000577859	10
8900000577866	6
8900000580200	3
8900000578580	16
8900000578597	20
8900000578603	5
8900000578610	2
8900000578627	3
8900000578634	1
8900000578641	1
8900000578665	28
8900000578672	24
8900000578689	15
8900000578696	11
8900000578702	5
8900000578733	3
8900000575244	1
8900000578207	1
8900000578238	1
8900000582372	3
8900000582242	23
8900000582259	16
8900000582266	22
8900000582297	9
8900000581658	7
8900000581665	20
8900000581672	9
8900000581689	7
8900000582822	32
8900000582839	26
8900000582846	28
8900000582853	12
8900000582860	5
8900000582884	1
8900000582891	7
8900000583089	25
8900000583096	31
8900000583102	22
8900000583119	11
8900000583126	8
8900000583133	9
8900000583140	11
8900000583157	3
8900000582914	1
8900000582938	6
8900000583324	3
8900000583331	11
8900000583348	19
8900000583355	19
8900000583362	10
8900000583379	6
8900000583263	12
8900000583270	27
8900000583287	25
8900000583294	14
8900000583300	6
8900000583836	9
8900000583843	2
8900000583867	2
8900000582471	7
8900000582488	23
8900000582495	27
8900000582501	15
8900000582518	8
8900000583966	1
8900000583973	4
8900000582525	14
8900000582532	27
8900000582549	15
8900000582570	2
8900000581733	51
8900000581740	69
8900000581757	50
8900000581764	1
8900000581771	2
8900000581788	14
8900000581795	10
8900000581801	6
8900000584901	34
8900000584918	53
8900000584925	26
8900000584956	4
8900000584963	12
8900000584970	2
8900000584826	4
8900000584833	12
8900000584895	1
8900000584635	6
8900000584642	11
8900000584659	10
8900000585069	37
8900000585076	63
8900000585083	30
8900000585250	1
8900000585113	8
8900000585298	4
8900000581894	39
8900000581900	44
8900000581917	31
8900000581924	1
8900000581948	6
8900000581955	1
8900000581962	1
8900000576401	7
8900000576418	7
8900000576425	1
8900000576456	2
8900000582167	39
8900000582174	53
8900000582181	42
8900000582198	4
8900000582211	5
8900000582228	5
8900000582235	2
8900000584727	1
8900000584734	7
8900000586189	1
8900000586097	5
8900000586103	2
8900000586127	6
8900000586073	1
8900000585564	8
8900000585571	4
8900000585588	1
8900000585595	1
8900000585601	1
8900000585656	11
8900000580248	23
8900000580255	52
8900000580262	32
8900000580279	3
8900000580293	8
8900000580309	5
8900000580316	5
8900000585359	1
8900000585144	24
8900000585151	34
8900000585168	25
8900000585175	1
8900000585199	3
8900000585205	1
8900000585212	1
8900000584987	9
8900000584994	12
8900000585007	15
8900000585045	2
8900000585052	2
8900000586219	4
8900000586226	6
8900000586134	1
8900000586141	12
8900000586158	12
8900000586165	10
8900000586035	1
8900000586776	2
8900000586790	1
8900000586431	2
8900000586448	1
8900000582983	2
8900000586844	2
8900000585755	16
8900000585762	7
8900000585779	4
8900000585786	1
8900000586684	2
8900000586707	2
8900000589609	13
8900000589616	13
8900000589623	15
8900000587209	8
8900000587216	6
8900000587223	14
8900000587230	1
8900000587254	18
8900000587261	12
8900000589777	9
8900000589807	3
8900000589814	13
8900000589821	1
8900000590179	1
8900000590209	6
8900000590216	3
8900000587018	4
8900000587049	1
8900000587056	10
8900000586615	9
8900000586622	2
8900000586639	3
8900000589449	20
8900000589463	24
8900000589470	7
8900000589487	10
8900000589500	1
8900000591084	1
8900000591091	1
8900000591121	4
8900000591138	2
8900000590971	1
8900000590988	3
8900000590995	1
8900000591039	1
8900000590773	10
8900000592418	4
8900000589845	5
8900000589852	8
8900000589890	10
8900000589906	2
8900000587179	6
8900000593033	22
8900000593040	42
8900000593057	18
8900000593064	5
8900000587094	1
8900000587100	1
8900000587117	6
8900000581818	39
8900000581825	52
8900000581832	33
8900000581849	3
8900000581856	1
8900000581863	4
8900000581870	8
8900000581887	6
8900000592654	1
8900000592678	1
8900000590087	29
8900000590094	38
8900000590100	35
8900000590131	21
8900000590148	9
8900000592340	7
8900000592937	1
8900000594191	3
8900000593828	2
8900000593835	1
8900000593842	4
8900000593880	1
8900000529865	7
8900000594054	15
8900000594061	15
8900000594078	18
8900000594085	5
8900000594092	4
8900000594108	1
8900000594115	6
8900000594122	2
8900000595150	23
8900000595167	25
8900000595174	17
8900000595181	2
8900000595198	3
8900000595204	3
8900000595211	4
8900000595228	1
8900000593972	5
8900000593996	5
8900000594009	1
8900000594016	1
8900000594023	1
8900000594047	2
8900000595556	1
8900000595051	1
8900000592548	1
8900000592555	8
8900000592562	3
8900000595778	1
8900000595983	2
8900000595990	4
8900000596003	14
8900000596010	9
8900000596027	4
8900000596034	1
8900000596140	3
8900000595853	1
8900000595860	1
8900000595891	1
8900000595624	1
8900000595631	2
8900000595648	2
8900000593651	2
8900000596065	23
8900000596072	23
8900000596089	2
8900000596355	4
8900000596386	1
8900000596591	1
8900000596607	1
8900000596638	1
8900000596225	5
8900000596515	3
8900000596553	1
8900000599769	1
8900000599813	1
8900000599875	1
8900000599660	24
8900000599677	36
8900000599684	8
8900000600465	3
8900000600908	1
8900000602339	13
8900000602346	8
8900000602353	1
8900000602377	2
8900000601349	1
8900000604241	1
8900000601608	1
8900000601622	1
8900000601400	1
8900000602728	1
8900000604395	22
8900000604401	34
8900000604418	28
8900000604425	5
8900000601318	6
8900000600335	1
8900000600342	1
8900000600366	1
8900000604616	1
8900000604449	14
8900000604456	37
8900000604463	57
8900000604470	51
8900000604487	30
8900000604494	13
8900000602643	2
8900000595464	3
8900000270576	2
8900000249817	1
8900000329311	1
8900000246922	1
8900000334810	1
8900000257263	1
8900000334889	1
8900000251490	1
8900000332533	1
8900000266296	2
8900000253692	1
8900000333059	1
8900000306886	1
8900000273119	1
8900000319077	1
8900000332984	1
8900000295852	1
8900000287482	1
8900000287710	1
8900000326587	3
8900000340835	1
8900000344321	1
8900000329328	1
8900000288717	1
8900000334766	2
8900000278886	1
8900000320882	1
8900000298655	1
8900000314102	1
8900000251629	1
8900000166220	1
8900000324125	1
8900000284405	1
8900000196593	1
8900000320530	1
8900000312672	1
8900000337040	1
8900000246991	1
8900000251391	1
8900000340842	1
8900000183593	1
8900000251728	1
8900000295791	1
8900000334032	1
8900000270156	1
8900000604517	2
8900000604562	3
8900000602483	1
8900000606030	7
8900000606047	13
8900000606054	27
8900000606061	27
8900000606078	3
8900000606085	6
8900000605798	7
8900000605644	1
8900000605965	6
8900000605972	14
8900000605989	16
8900000605996	7
8900000606009	4
8900000606016	6
8900000603053	31
8900000603060	37
8900000603077	21
8900000603084	3
8900000603107	8
8900000509348	9
8900000602810	3
8900000608560	1
8900000608584	6
8900000608591	3
8900000608614	1
8900000608706	2
8900000608720	4
8900000608751	2
8900000607662	27
8900000607679	35
8900000607686	31
8900000607693	7
8900000607709	14
8900000607716	21
8900000607723	21
8900000607730	5
8900000607747	4
8900000607754	14
8900000607761	15
8900000607778	6
8900000607785	4
8900000607082	2
8900000607105	2
8900000607112	6
8900000607129	10
8900000607006	3
8900000607037	1
8900000607044	13
8900000607068	2
8900000607907	9
8900000607914	16
8900000607921	10
8900000607938	6
8900000609352	1
8900000609376	1
8900000607846	1
8900000607860	3
8900000607877	3
8900000609529	1
8900000610181	10
8900000610198	16
8900000610204	16
8900000610211	5
8900000610235	11
8900000610242	11
8900000610259	5
8900000607983	1
8900000608010	1
8900000608058	1
8900000609178	15
8900000609185	1
8900000610129	14
8900000610136	1
8900000610143	5
8900000610150	1
8900000610167	1
8900000606238	20
8900000606245	35
8900000606252	28
8900000606269	7
8900000606276	8
8900000606283	33
8900000606290	36
8900000606306	9
8900000610891	1
8900000609543	26
8900000609550	32
8900000609567	21
8900000609574	4
8900000609598	4
8900000609604	7
8900000609611	3
8900000610426	5
8900000610433	6
8900000610457	1
8900000611157	39
8900000611164	58
8900000611171	50
8900000611188	13
8900000611201	4
8900000611218	9
8900000611225	2
8900000503438	1
8900000508792	1
8900000611089	1
8900000611485	1
8900000611553	1
8900000611522	13
8900000611539	6
8900000611546	12
8900000610914	18
8900000610921	31
8900000610938	7
8900000611669	1
8900000611683	1
8900000611706	2
8900000611713	1
8900000606962	1
8900000611812	1
8900000612543	11
8900000612550	19
8900000612567	28
8900000612604	4
8900000612635	12
8900000612642	10
8900000612109	1
8900000612130	3
8900000612482	3
8900000612499	6
8900000612505	22
8900000612512	13
8900000612529	8
8900000612536	4
8900000612024	2
8900000612031	20
8900000612048	3
8900000612055	2
8900000614059	1
8900000614066	4
8900000614103	3
8900000613960	35
8900000613977	46
8900000613984	36
8900000613991	7
8900000614004	7
8900000614011	8
8900000614028	9
8900000614035	3
8900000614868	38
8900000614875	47
8900000614882	40
8900000614899	6
8900000614905	9
8900000614912	5
8900000614929	8
8900000614936	4
8900000615780	7
8900000615629	26
8900000615636	26
8900000615643	29
8900000615650	2
8900000615667	6
8900000615681	1
8900000615698	2
8900000615117	15
8900000615124	19
8900000615131	11
8900000615186	2
8900000615704	22
8900000615711	13
8900000615728	16
8900000615735	2
8900000616039	4
8900000615827	1
8900000616114	2
8900000616121	6
8900000616138	13
8900000616145	5
8900000616428	3
8900000616466	2
8900000617067	18
8900000616572	4
8900000616596	2
8900000616619	2
8900000616657	3
8900000616688	1
8900000614271	2
8900000614318	2
8900000617456	5
8900000616299	12
8900000616312	2
8900000617517	33
8900000617524	37
8900000617531	28
8900000617548	3
8900000617555	3
8900000617562	1
8900000617579	3
8900000617401	3
8900000617418	2
8900000617432	2
8900000289042	2
8900000164363	2
8900000320684	2
8900000264841	1
8900000298570	2
8900000326389	1
8900000247073	1
8900000280568	1
8900000268122	1
8900000284627	1
8900000319015	3
8900000287413	1
8900000618064	49
8900000618071	53
8900000618088	34
8900000618095	8
8900000618101	3
8900000618118	16
8900000618125	14
8900000618132	1
8900000618422	5
8900000618477	5
8900000618149	12
8900000618354	3
8900000618408	3
8900000618590	34
8900000618606	31
8900000618613	22
8900000618620	3
8900000618637	2
8900000618644	2
8900000619153	2
8900000619078	18
8900000619085	20
8900000619092	9
8900000619108	1
8900000619429	44
8900000619382	27
8900000619405	9
8900000619412	3
8900000618996	16
8900000619009	22
8900000619016	13
8900000619023	3
8900000619030	1
8900000619047	1
8900000620173	20
8900000620180	21
8900000620197	10
8900000620203	1
8900000620326	4
8900000620265	5
8900000619191	33
8900000619207	25
8900000619214	8
8900000619238	3
8900000619245	6
8900000619252	7
8900000619269	1
8900000620098	15
8900000620104	4
8900000620111	5
8900000619894	41
8900000619900	42
8900000619917	27
8900000619948	2
8900000620883	4
8900000620937	3
8900000620982	22
8900000620999	19
8900000621002	1
8900000512973	1
8900000508037	1
8900000622030	5
8900000622054	1
8900000622085	3
8900000622092	2
8900000621972	4
8900000621989	2
8900000622016	1
8900000622153	5
8900000622160	2
8900000622177	6
8900000622184	4
8900000622191	1
8900000622207	1
8900000621767	45
8900000621774	49
8900000621781	29
8900000621798	6
8900000621804	3
8900000621811	10
8900000621828	8
8900000621835	2
8900000621064	46
8900000621071	58
8900000621088	38
8900000621095	3
8900000621118	6
8900000621125	3
8900000621132	3
8900000606399	2
8900000606412	4
8900000606429	5
8900000606443	5
8900000622429	3
8900000622443	4
8900000622467	1
8900000622474	5
8900000622535	4
8900000622351	2
8900000621910	5
8900000621927	7
8900000621934	13
8900000621941	9
8900000621958	6
8900000621965	3
8900000622214	18
8900000622221	6
8900000622238	2
8900000622863	2
8900000622931	1
8900000622276	15
8900000622283	11
8900000622290	8
8900000622344	1
8900000620678	1
8900000623242	3
8900000623259	10
8900000623266	13
8900000623273	13
8900000623280	9
8900000623297	4
8900000623686	5
8900000623150	1
8900000623167	14
8900000623198	4
8900000623204	8
8900000623747	1
8900000624072	3
8900000624089	3
8900000623815	3
8900000623839	3
8900000623846	1
8900000623860	5
8900000623624	3
8900000624003	4
8900000624010	11
8900000624027	17
8900000624034	14
8900000624041	9
8900000624058	4
8900000624140	2
8900000624171	3
8900000624195	5
8900000624461	4
8900000624485	7
8900000624492	2
8900000623570	53
8900000623587	62
8900000623594	39
8900000623600	8
8900000624409	7
8900000624416	46
8900000624423	12
8900000624362	16
8900000624379	36
8900000624386	16
8900000624393	3
8900000623884	1
8900000624324	28
8900000624331	25
8900000624348	12
8900000624355	3
8900000624515	5
8900000624522	11
8900000624539	16
8900000624546	17
8900000624553	10
8900000624560	5
8900000624577	5
8900000624584	12
8900000624591	17
8900000624607	14
8900000624614	10
8900000624621	5
8900000625031	21
8900000625048	24
8900000625055	13
8900000625062	1
8900000625086	3
8900000625208	29
8900000625215	22
8900000625222	24
8900000624928	3
8900000625185	1
8900000625321	2
8900000625352	3
8900000625376	2
8900000625147	3
8900000625154	22
8900000625253	5
8900000625260	1
8900000625277	2
8900000625284	4
8900000625307	4
8900000624959	18
8900000624966	17
8900000624973	4
8900000625390	3
8900000625406	4
8900000625932	33
8900000625949	38
8900000625956	33
8900000625963	2
8900000625987	3
8900000625994	5
8900000626069	7
8900000626182	28
8900000626199	31
8900000626205	22
8900000626779	6
8900000626786	12
8900000626793	16
8900000626809	15
8900000626816	9
8900000626823	5
8900000626434	2
8900000626489	2
8900000626496	7
8900000626502	17
8900000626519	10
8900000626571	37
8900000626588	55
8900000626595	34
8900000626601	1
8900000626427	1
8900000626618	38
8900000626625	46
8900000626632	29
8900000626649	2
8900000626656	26
8900000626663	40
8900000626670	36
8900000626687	14
8900000627417	34
8900000627424	55
8900000627431	33
8900000627448	11
8900000627370	19
8900000627387	14
8900000627394	9
8900000626304	4
8900000626311	10
8900000626328	17
8900000626335	14
8900000626342	9
8900000626359	4
8900000627578	45
8900000627585	78
8900000627592	50
8900000627608	14
8900000627899	5
8900000627936	3
8900000606863	3
8900000620685	1
8900000627820	4
8900000627837	10
8900000627844	16
8900000627851	13
8900000627868	8
8900000627875	4
8900000627455	7
8900000627479	7
8900000627486	3
8900000627653	15
8900000627660	23
8900000627677	7
8900000627684	5
8900000627707	1
8900000628292	5
8900000628308	10
8900000628315	15
8900000628322	15
8900000628339	7
8900000628346	4
8900000628438	3
8900000628483	4
8900000629008	11
8900000629015	17
8900000629022	6
8900000629039	2
8900000629091	5
8900000629107	12
8900000629114	21
8900000629121	17
8900000629138	12
8900000629145	6
8900000628865	1
8900000628605	41
8900000628612	47
8900000628629	20
8900000628636	2
8900000629442	1
8900000629473	1
8900000628698	2
8900000628735	1
8900000628926	21
8900000628933	27
8900000628940	15
8900000629206	41
8900000629213	51
8900000629220	27
8900000629237	6
8900000629671	1
8900000629695	3
8900000629701	3
8900000629718	9
8900000629725	2
8900000629602	4
8900000629558	1
8900000630189	3
8900000630219	4
8900000630233	2
8900000630042	6
8900000630059	15
8900000630066	15
8900000630073	7
8900000630097	13
8900000630103	10
8900000630110	2
8900000630325	59
8900000630332	67
8900000630349	43
8900000630356	12
8900000630301	1
8900000630523	13
8900000630547	10
8900000630738	3
8900000631155	4
8900000631018	14
8900000631025	13
8900000631032	5
8900000631049	6
8900000631056	8
8900000631063	3
8900000631070	7
8900000630929	28
8900000630936	44
8900000630943	34
8900000630950	5
8900000630974	3
8900000630981	5
8900000631490	39
8900000631506	41
8900000631513	20
8900000631544	5
8900000631919	38
8900000631926	43
8900000631933	28
8900000631964	4
8900000627318	5
8900000627325	13
8900000627332	20
8900000627349	18
8900000627356	12
8900000627363	6
8900000626236	6
8900000626243	14
8900000626250	19
8900000626267	20
8900000626274	11
8900000626281	5
8900000631636	34
8900000631643	43
8900000631650	32
8900000631681	8
8900000631698	5
8900000632268	9
8900000632176	18
8900000632183	13
8900000632190	6
8900000633098	12
8900000633104	9
8900000633135	17
8900000633142	6
8900000631575	4
8900000631582	11
8900000631599	15
8900000631605	14
8900000631612	10
8900000631629	5
8900000632459	47
8900000632466	51
8900000632473	33
8900000632480	18
8900000632862	3
8900000632879	10
8900000632886	14
8900000632893	13
8900000632909	8
8900000632916	4
8900000632800	4
8900000632817	10
8900000632824	15
8900000632831	13
8900000632848	8
8900000632855	4
8900000633579	7
8900000633586	3
8900000633463	9
8900000633470	4
8900000633616	3
8900000633654	9
8900000633227	1
8900000633265	11
8900000633272	1
8900000633494	3
8900000633531	13
8900000633555	4
8900000633685	34
8900000633692	45
8900000633708	21
8900000633715	5
8900000634439	1
8900000634446	37
8900000634453	55
8900000634460	14
8900000634477	10
8900000634361	20
8900000634378	6
8900000634392	8
8900000634613	2
8900000634651	2
8900000634668	4
8900000634699	9
8900000634934	6
8900000634972	3
8900000634842	2
8900000634859	9
8900000634866	4
8900000634897	8
8900000635382	35
8900000635399	37
8900000635405	24
8900000635412	1
8900000635436	7
8900000635443	4
8900000329298	1
8900000329250	3
8900000635672	107
8900000635665	149
8900000635689	46
8900000635702	96
8900000635696	100
8900000635719	50
8900000635504	22
8900000635511	23
8900000635528	18
8900000635535	4
8900000635559	4
8900000635566	8
8900000635009	29
8900000635016	33
8900000635023	33
8900000635030	5
8900000635054	7
8900000635061	5
8900000634835	5
8900000635757	6
8900000635498	7
8900000635801	32
8900000635818	18
8900000635825	13
8900000635832	8
8900000634491	3
8900000634507	8
8900000634521	8
8900000634538	5
8900000634552	11
8900000635580	44
8900000635597	50
8900000635603	36
8900000635610	8
8900000635634	16
8900000635641	15
8900000635085	2
8900000635092	12
8900000635108	8
8900000635115	4
8900000635122	9
8900000635139	10
8900000635146	3
8900000635153	6
8900000231010	1
8900000635856	6
8900000635863	2
8900000635870	6
8900000636358	20
8900000636365	25
8900000636372	23
8900000636389	3
8900000230990	1
8900000326488	1
8900000256457	1
8900000251711	2
8900000305582	1
8900000292790	1
8900000324149	1
8900000280490	1
8900000292783	1
8900000273126	1
8900000284276	1
8900000302178	1
8900000263370	2
8900000333509	1
8900000335640	1
8900000264049	1
8900000636402	3
8900000636556	4
8900000636563	10
8900000636570	12
8900000636587	13
8900000636716	6
8900000636723	4
8900000636730	3
8900000636754	14
8900000636761	23
8900000636778	18
8900000636785	8
8900000636792	14
8900000636822	7
8900000636594	29
8900000636600	31
8900000636617	21
8900000636624	11
8900000318926	1
8900000251704	1
8900000326464	1
8900000280551	1
8900000326396	2
8900000299010	1
8900000291663	1
8900000318865	1
8900000320547	1
8900000337118	1
8900000249800	1
8900000280414	1
8900000636686	1
8900000636709	2
8900000636488	3
8900000636969	8
8900000637010	4
8900000637027	4
8900000637058	1
8900000637065	1
8900000637072	1
8900000636877	19
8900000636884	24
8900000636891	14
8900000634316	1
8900000637539	6
8900000637546	2
8900000637553	5
8900000637560	6
8900000637577	6
8900000636839	9
8900000636846	15
8900000636853	19
8900000636860	16
8900000637935	25
8900000637942	67
8900000637959	91
8900000637966	25
8900000637973	4
8900000637690	1
8900000637744	1
8900000638307	7
8900000638314	31
8900000638321	33
8900000638338	14
8900000638215	4
8900000638222	3
8900000638246	2
8900000638253	4
8900000638260	2
8900000638352	19
8900000638369	27
8900000638376	20
8900000638383	16
8900000638390	1
8900000638406	6
8900000638413	1
8900000637904	3
8900000639021	14
8900000639038	26
8900000639045	2
8900000639052	6
8900000639069	4
8900000639076	1
8900000639403	14
8900000639427	3
8900000639434	2
8900000639663	1
8900000639670	1
8900000639687	2
8900000639717	1
8900000639731	2
8900000639298	9
8900000639588	1
8900000639595	15
8900000639601	6
8900000639618	10
8900000639625	10
8900000639632	15
8900000639649	14
8900000639656	11
8900000639243	13
8900000639250	4
8900000639267	3
8900000639168	35
8900000639175	37
8900000639182	29
8900000639199	8
8900000639212	11
8900000639229	5
8900000639755	3
8900000639779	10
8900000639786	15
8900000639793	8
8900000639809	3
8900000639960	2
8900000639977	12
8900000639991	7
8900000640089	9
8900000640096	18
8900000640102	12
8900000640119	1
8900000640133	2
8900000640935	10
8900000640942	26
8900000640959	2
8900000640966	6
8900000640003	6
8900000640010	12
8900000640027	8
8900000640331	5
8900000640348	3
8900000640287	25
8900000640294	28
8900000640300	23
8900000640317	7
8900000640980	2
8900000641000	3
8900000640218	4
8900000640225	4
8900000641499	13
8900000641505	11
8900000641512	9
8900000641529	4
8900000641536	6
8900000641567	3
8900000641574	4
8900000641109	7
8900000434763	1
8900000641390	11
8900000641406	4
8900000641413	2
8900000641239	15
8900000641246	21
8900000641253	18
8900000641260	3
8900000641437	3
8900000641444	1
8900000641208	2
8900000641468	19
8900000641475	29
8900000641482	17
8900000641918	3
8900000641925	6
8900000641932	7
8900000642120	25
8900000642137	30
8900000642144	15
8900000642083	27
8900000642090	25
8900000642106	19
8900000642489	22
8900000642496	27
8900000642502	16
8900000642441	22
8900000642458	26
8900000642465	16
8900000642519	32
8900000642526	33
8900000642533	19
8900000641116	30
8900000641123	37
8900000641130	25
8900000641147	9
8900000641161	1
8900000641178	2
8900000641659	22
8900000641666	32
8900000641673	19
8900000641680	7
8900000641710	1
8900000642984	16
8900000642991	25
8900000643004	20
8900000643011	3
8900000643035	5
8900000643042	9
8900000643059	4
8900000643066	34
8900000643073	26
8900000643080	19
8900000643097	4
8900000643110	2
8900000643127	1
8900000643233	6
8900000643240	7
8900000643257	6
8900000643271	2
8900000643288	1
8900000643295	7
8900000643141	39
8900000643158	45
8900000643165	30
8900000643172	10
8900000643196	7
8900000643202	6
8900000643325	1
8900000643370	2
8900000643769	1
8900000643592	1
8900000643646	2
8900000643387	36
8900000643394	35
8900000643400	28
8900000643417	7
8900000643431	6
8900000643448	7
8900000643530	24
8900000643547	29
8900000643554	10
8900000643653	33
8900000643660	49
8900000643677	18
8900000643684	5
8900000644216	31
8900000644223	32
8900000644230	17
8900000644261	2
8900000644278	3
8900000644377	4
8900000644384	7
8900000644100	5
8900000644117	7
8900000644063	3
8900000644070	4
8900000644445	8
8900000644452	8
8900000644513	3
8900000644520	7
8900000500369	2
8900000500413	7
8900000644476	10
8900000644483	17
8900000644490	7
8900000644506	6
8900000644568	8
8900000644667	17
8900000644674	23
8900000644681	10
8900000644827	6
8900000644834	12
8900000644841	2
8900000644858	5
8900000644742	8
8900000644759	10
8900000644766	2
8900000644773	2
8900000644148	7
8900000644155	10
8900000644162	1
8900000644179	2
8900000644704	4
8900000644711	10
8900000644728	2
8900000644780	16
8900000644797	19
8900000644803	13
8900000644810	5
