chinchwad,
8900000360840,1
8900000360697,1
8900000356980,1
8900000356973,1
8900000354917,1
8900000354825,1
8900000343003,1
8900000342884,1
8900000342143,1
8900000326624,1
8900000326617,1
8900000326600,1
8900000183661,1
8900000368921,1
8900000368990,1
8900000291649,1
8900000288724,1
8900000334780,1
8900000320622,1
8900000320707,1
8900000320691,1
8900000275700,1
8900000287987,1
8900000275687,1
8900000370320,1
8900000375363,1
8900000376506,1
8900000376940,1
8900000376872,1
8900000378968,1
8900000378845,1
8900000378777,1
8900000385041,1
8900000391349,1
8900000391363,1
8900000397723,1
8900000403417,1
8900000403431,1
8900000405329,1
8900000403561,1
8900000404803,1
8900000416479,1
8900000419524,1
8900000416257,1
8900000447305,1
8900000404674,1
8900000433759,1
8900000472789,1
8900000474196,1
8900000477203,1
8900000478002,1
8900000478019,1
8900000478644,1
8900000483549,1
8900000500963,1
8900000510917,1
8900000513765,1
8900000513772,1
8900000513789,1
8900000329281,1
8900000278831,1
8900000567171,1
8900000527366,1
8900000586776,1
8900000594412,1
8900000594429,1
8900000604456,1
8900000604463,1
8900000604470,1
8900000249817,1
8900000332533,1
8900000288717,1
8900000334766,1
8900000183593,1
8900000251728,1
8900000622160,1
8900000622177,1
8900000622184,1
8900000621927,1
8900000621934,1
8900000621941,1
8900000624539,1
8900000624546,1
8900000626809,1
8900000629114,1
8900000627332,1
8900000627349,1
8900000626267,1
8900000326488,1
8900000256457,1
8900000251711,1
8900000324149,1
8900000263370,1
8900000326464,1
8900000326396,1
8900000299010,1
8900000291663,1
8900000249800,1
8900000645985,1
8900000645992,1
8900000646005,1
8900000646883,1
8900000646890,1
8900000646906,1
8900000360864,1
8900000360710,1
8900000357154,1
8900000365340,1
8900000366699,1
8900000291670,1
8900000371204,1
8900000374250,1
8900000376896,1
8900000379002,1
8900000378999,1
8900000384365,1
8900000397310,1
8900000397327,1
8900000403448,1
8900000403592,1
8900000416486,1
8900000418848,1
8900000416264,1
8900000434114,1
8900000447312,1
8900000447381,1
8900000472819,1
8900000474684,1
8900000477210,1
8900000477227,1
8900000478026,1
8900000478675,1
8900000479962,1
8900000483570,1
8900000252725,1
8900000252664,1
8900000392513,1
8900000392537,1
8900000392575,1
8900000392292,1
8900000387168,1
8900000390830,1
8900000387731,1
8900000387779,1
8900000387403,1
8900000387458,1
8900000399819,1
8900000399826,1
8900000399833,1
8900000399864,1
8900000399871,1
8900000399109,1
8900000250752,1
8900000413669,1
8900000413706,1
8900000425563,1
8900000446148,1
8900000446193,1
8900000465330,1
8900000451111,1
8900000467396,1
8900000467402,1
8900000467440,1
8900000467457,1
8900000467495,1
8900000468089,1
8900000467877,1
8900000467884,1
8900000467891,1
8900000467921,1
8900000467938,1
8900000468072,1
8900000468126,1
8900000471584,1
8900000492763,1
8900000492886,1
8900000507054,1
8900000515943,1
8900000518883,1
8900000518890,1
8900000518968,1
8900000518975,1
8900000529827,1
8900000572229,1
8900000572236,1
8900000569953,1
8900000569960,1
8900000569991,1
8900000572694,1
8900000572700,1
8900000572731,1
8900000572748,1
8900000584635,1
8900000584642,1
8900000584659,1
8900000587261,1
8900000529865,1
8900000602810,1
8900000610181,1
8900000610198,1
8900000610204,1
8900000610235,1
8900000610242,1
8900000611812,1
8900000633104,1
8900000636969,1
8900000414963,1
8900000405947,1
8900000405954,1
8900000400331,1
8900000443871,1
8900000508099,1
8900000508105,1
8900000644797,1
8900000644803,1
8900000349951,1
8900000349944,1
8900000407088,1
8900000406869,1
8900000406883,1
8900000411146,1
8900000411153,1
8900000413553,1
8900000413560,1
8900000415038,1
8900000415045,1
8900000415182,1
8900000415205,1
8900000434374,1
8900000447527,1
8900000454181,1
8900000454198,1
8900000458806,1
8900000458813,1
8900000463909,1
8900000466207,1
8900000467969,1
8900000466658,1
8900000488605,1
8900000488612,1
8900000493548,1
8900000587100,1
8900000352654,1
8900000335503,1
8900000335459,1
8900000323555,1
8900000323548,1
8900000323531,1
8900000315383,1
8900000310593,1
8900000304929,1
8900000325573,1
8900000253920,1
8900000375714,1
8900000375530,1
8900000284757,1
8900000284061,1
8900000284115,1
8900000283347,1
8900000285532,1
8900000379910,1
8900000380169,1
8900000381296,1
8900000394715,1
8900000396962,1
8900000396979,1
8900000396986,1
8900000398072,1
8900000398089,1
8900000398096,1
8900000397914,1
8900000397976,1
8900000394487,1
8900000394494,1
8900000385850,1
8900000386833,1
8900000386956,1
8900000386994,1
8900000385393,1
8900000386109,1
8900000384518,1
8900000384525,1
8900000381791,1
8900000382262,1
8900000382422,1
8900000384891,1
8900000388097,1
8900000389155,1
8900000389339,1
8900000389254,1
8900000389018,1
8900000389070,1
8900000396849,1
8900000398195,1
8900000398256,1
8900000400874,1
8900000399918,1
8900000402052,1
8900000402083,1
8900000401086,1
8900000402342,1
8900000408900,1
8900000408917,1
8900000408924,1
8900000408955,1
8900000409068,1
8900000409327,1
8900000409488,1
8900000408269,1
8900000407873,1
8900000407934,1
8900000409785,1
8900000407798,1
8900000411184,1
8900000411207,1
8900000409624,1
8900000412365,1
8900000409037,1
8900000408047,1
8900000408085,1
8900000408825,1
8900000410835,1
8900000412594,1
8900000409754,1
8900000412679,1
8900000412747,1
8900000412754,1
8900000412761,1
8900000412792,1
8900000304981,1
8900000315390,1
8900000264278,1
8900000224043,1
8900000414512,1
8900000414536,1
8900000409792,1
8900000409808,1
8900000409846,1
8900000415663,1
8900000415359,1
8900000418329,1
8900000415687,1
8900000418640,1
8900000418046,1
8900000421695,1
8900000422166,1
8900000418381,1
8900000423088,1
8900000425952,1
8900000421930,1
8900000421121,1
8900000426355,1
8900000426416,1
8900000422081,1
8900000422142,1
8900000419913,1
8900000422487,1
8900000429417,1
8900000431496,1
8900000426775,1
8900000426591,1
8900000423057,1
8900000425372,1
8900000385164,1
8900000433520,1
8900000433421,1
8900000433483,1
8900000431953,1
8900000431960,1
8900000432004,1
8900000432011,1
8900000433582,1
8900000435067,1
8900000415717,1
8900000435265,1
8900000415762,1
8900000415809,1
8900000436811,1
8900000437214,1
8900000439126,1
8900000439683,1
8900000439706,1
8900000438129,1
8900000440085,1
8900000442416,1
8900000442423,1
8900000445868,1
8900000446551,1
8900000445387,1
8900000451685,1
8900000451746,1
8900000429950,1
8900000449545,1
8900000467327,1
8900000465958,1
8900000467792,1
8900000467808,1
8900000467815,1
8900000467846,1
8900000467853,1
8900000470389,1
8900000470402,1
8900000470433,1
8900000469833,1
8900000469772,1
8900000470235,1
8900000472369,1
8900000471744,1
8900000471447,1
8900000473120,1
8900000474561,1
8900000413126,1
8900000477562,1
8900000477579,1
8900000477586,1
8900000477616,1
8900000477623,1
8900000477647,1
8900000477654,1
8900000477661,1
8900000477708,1
8900000479535,1
8900000479559,1
8900000479580,1
8900000479450,1
8900000479474,1
8900000479382,1
8900000479399,1
8900000479429,1
8900000479436,1
8900000487578,1
8900000487585,1
8900000487615,1
8900000487738,1
8900000488230,1
8900000489916,1
8900000491278,1
8900000491322,1
8900000491377,1
8900000492145,1
8900000492152,1
8900000494040,1
8900000495177,1
8900000495245,1
8900000500611,1
8900000501212,1
8900000502479,1
8900000501816,1
8900000502554,1
8900000504718,1
8900000504206,1
8900000506828,1
8900000507368,1
8900000507375,1
8900000507382,1
8900000507429,1
8900000507603,1
8900000507610,1
8900000507627,1
8900000507542,1
8900000507580,1
8900000511372,1
8900000511389,1
8900000511396,1
8900000511426,1
8900000511433,1
8900000512164,1
8900000513352,1
8900000514304,1
8900000514311,1
8900000514342,1
8900000514359,1
8900000514540,1
8900000515011,1
8900000515028,1
8900000509027,1
8900000515097,1
8900000515103,1
8900000515134,1
8900000515264,1
8900000515172,1
8900000515219,1
8900000516070,1
8900000516087,1
8900000516117,1
8900000516155,1
8900000516247,1
8900000516278,1
8900000513970,1
8900000515981,1
8900000515998,1
8900000516001,1
8900000516032,1
8900000516049,1
8900000517923,1
8900000560639,1
8900000560592,1
8900000569915,1
8900000568253,1
8900000571895,1
8900000571901,1
8900000571918,1
8900000570737,1
8900000570744,1
8900000570751,1
8900000570782,1
8900000570799,1
8900000570652,1
8900000570669,1
8900000570676,1
8900000570706,1
8900000570713,1
8900000574810,1
8900000576340,1
8900000576357,1
8900000576364,1
8900000575244,1
8900000582297,1
8900000584963,1
8900000586073,1
8900000589449,1
8900000592937,1
8900000594023,1
8900000595051,1
8900000596355,1
8900000596607,1
8900000596515,1
8900000596553,1
8900000601608,1
8900000601622,1
8900000601400,1
8900000602728,1
8900000605798,1
8900000610129,1
8900000503438,1
8900000615728,1
8900000625949,1
8900000625987,1
8900000625994,1
8900000628926,1
8900000631650,1
8900000632176,1
8900000641499,1
8900000641505,1
8900000641512,1
8900000354092,1
8900000354085,1
8900000036776,1
8900000036769,1
8900000036752,1
8900000402465,1
8900000417292,1
8900000417520,1
8900000417438,1
8900000421046,1
8900000485239,1
8900000484638,1
8900000484645,1
8900000494767,1
8900000494774,1
8900000504329,1
8900000509614,1
8900000509638,1
8900000513031,1
8900000518326,1
8900000595990,1
8900000617067,1
