lkpaudroad,
8900000205523,1
8900000215119,1
8900000219797,1
8900000273263,1
8900000606672,1
8900000623686,1
8900000652464,1
8900000671519,1
8900000673667,1
8900000688852,1
8900000688999,1
8900000689552,1
8900000692965,1
8900000693634,1
8900000693771,1
8900000693849,1
8900000693917,1
8900000693986,1
8900000694273,1
8900000694341,1
8900000696680,1
8900000696758,1
8900000696963,1
8900000697038,1
8900000698516,1
8900000698585,1
8900000698653,1
8900000698721,1
8900000698790,1
8900000698868,1
8900000699001,1
8900000710546,1
8900000710683,1
8900000710829,1
8900000710898,1
8900000710966,1
8900000711185,1
8900000711253,1
8900000711321,1
8900000711390,1
8900000711536,1
8900000711598,1
8900000711871,1
8900000711963,1
8900000712038,1
8900000712106,1
8900000712243,1
8900000712311,1
8900000712441,1
8900000712465,1
8900000280414,1
8900000510856,1
8900000510948,1
8900000606610,1
8900000606627,1
8900000606634,1
8900000606641,1
8900000606665,1
8900000606689,1
8900000606696,1
8900000606702,1
8900000606719,1
8900000606726,1
8900000606733,1
8900000606740,1
8900000606757,1
8900000606771,1
8900000606788,1
8900000606801,1
8900000606818,1
8900000627943,1
8900000671502,1
8900000671526,1
8900000671533,1
8900000671540,1
8900000671557,1
8900000671564,1
8900000673674,1
8900000673681,1
8900000688869,1
8900000688876,1
8900000688883,1
8900000688890,1
8900000688951,1
8900000689231,1
8900000689248,1
8900000689316,1
8900000689361,1
8900000689385,1
8900000689507,1
8900000689576,1
8900000689583,1
8900000689590,1
8900000693962,1
8900000694105,1
8900000694242,1
8900000694303,1
8900000694310,1
8900000694327,1
8900000694396,1
8900000696659,1
8900000696888,1
8900000696918,1
8900000696949,1
8900000697083,1
8900000697090,1
8900000698431,1
8900000698578,1
8900000698592,1
8900000698646,1
8900000698660,1
8900000698769,1
8900000698967,1
8900000698974,1
8900000698981,1
8900000699056,1
8900000710379,1
8900000710447,1
8900000710485,1
8900000710515,1
8900000710584,1
8900000710737,1
8900000710973,1
8900000711222,1
8900000711291,1
8900000711307,1
8900000711710,1
8900000711727,1
8900000711741,1
8900000711840,1
8900000711864,1
8900000712298,1
8900000712366,1
8900000712717,1
8900000712762,1
8900000712779,1
8900000712830,1
8900000712854,1
8900000712991,1
8900000713066,1
8900000713134,1
8900000713363,1
8900000713509,1
8900000713516,1
8900000713592,1
8900000713790,1
8900000713806,1
8900000714506,1
8900000714643,1
8900000714988,1
8900000715053,1
8900000715268,1
8900000715428,1
8900000715664,1
8900000715770,1
8900000716104,1
8900000716173,1
8900000717316,1
8900000717439,1
8900000717453,1
8900000718191,1
8900000718290,1
8900000718825,1
8900000719181,1
8900000719556,1
8900000728893,1
8900000731282,1
8900000732135,1
8900000732159,1
8900000732722,1
8900000732777,1
8900000732937,1
8900000733125,1
8900000733217,1
8900000733224,1
8900000733231,1
8900000733248,1
8900000734238,1
8900000734245,1
8900000734252,1
8900000734269,1
8900000734696,1
8900000735631,1
8900000735648,1
8900000735655,1
8900000735662,1
8900000735716,1
8900000735723,1
8900000735730,1
8900000735747,1
8900000736003,1
8900000736782,1
8900000736829,1
8900000737475,1
8900000737482,1
8900000737499,1
8900000737505,1
8900000739042,1
8900000739066,1
8900000739172,1
8900000740055,1
8900000740062,1
8900000740079,1
8900000740086,1
8900000740161,1
8900000740208,1
8900000741922,1
8900000742363,1
8900000742370,1
8900000742387,1
8900000742400,1
8900000748006,1
8900000748013,1
8900000748228,1
8900000750337,1
8900000750375,1
8900000750436,1
8900000750443,1
8900000750450,1
8900000750467,1
8900000750474,1
8900000750658,1
8900000756605,1
8900000756629,1
8900000756636,1
8900000756674,1
8900000757626,1
8900000757633,1
8900000757640,1
8900000757657,1
8900000757695,1
8900000757701,1
8900000757725,1
8900000759651,1
8900000759668,1
8900000759682,1
8900000760039,1
8900000760732,1
8900000760749,1
8900000760756,1
8900000760763,1
8900000760770,1
8900000760817,1
8900000760824,1
8900000760831,1
8900000760848,1
8900000764303,1
8900000764310,1
8900000764327,1
8900000764334,1
8900000764372,1
8900000764389,1
8900000764396,1
8900000764402,1
8900000764419,1
8900000765034,1
8900000765041,1
8900000765058,1
8900000765065,1
8900000765072,1
8900000765157,1
8900000765164,1
8900000765171,1
8900000765188,1
8900000765195,1
8900000766000,1
8900000766017,1
8900000766024,1
8900000766031,1
8900000766048,1
8900000766628,1
8900000766659,1
8900000766666,1
8900000766697,1
8900000766703,1
8900000766710,1
8900000766727,1
8900000766734,1
8900000766796,1
8900000766802,1
8900000766819,1
8900000766826,1
8900000767113,1
8900000767144,1
8900000767151,1
8900000767168,1
8900000767175,1
8900000767182,1
8900000767472,1
8900000767489,1
8900000767496,1
8900000767502,1
8900000767519,1
8900000767700,1
8900000767717,1
8900000767724,1
8900000767731,1
8900000767748,1
8900000767779,1
8900000767786,1
8900000767793,1
8900000767809,1
8900000767816,1
8900000768479,1
8900000768639,1
8900000768646,1
8900000768653,1
8900000768660,1
8900000768677,1
8900000771714,1
8900000771776,1
8900000771783,1
8900000771790,1
8900000771806,1
8900000771813,1
8900000771844,1
8900000771851,1
8900000771868,1
8900000771875,1
8900000771882,1
8900000772513,1
8900000772520,1
8900000772537,1
8900000772544,1
8900000772551,1
8900000772582,1
8900000772599,1
8900000772605,1
8900000772612,1
8900000772629,1
8905000127035,1
8905000127042,1
8905000127059,1
8905000127066,1
8900000383511,1
8900000386703,1
8900000386765,1
8900000387571,1
8900000387588,1
8900000387595,1
8900000387601,1
8900000387618,1
8900000387670,1
8900000417254,1
8900000417339,1
8900000417506,1
8900000417513,1
8900000417520,1
8900000420469,1
8900000420476,1
8900000423675,1
8900000476282,1
8900000484430,1
8900000509669,1
8900000606863,1
8900000628506,1
8900000648115,1
8900000677894,1
8900000677979,1
8900000678037,1
8900000678044,1
8900000678051,1
8900000678068,1
8900000678075,1
8900000679782,1
8900000681853,1
8900000681860,1
8900000681884,1
8900000682409,1
8900000682904,1
8900000683147,1
8900000683437,1
8900000684441,1
8900000684472,1
8900000684533,1
8900000684540,1
8900000684694,1
8900000684700,1
8900000684731,1
8900000686599,1
8900000686636,1
8900000686667,1
8900000686674,1
8900000686711,1
8900000686759,1
8900000687190,1
8900000687251,1
8900000730971,1
8900000732685,1
8900000732692,1
8900000734344,1
8900000736928,1
8900000736942,1
8900000737185,1
8900000737192,1
8900000737208,1
8900000737215,1
8900000737239,1
8900000739974,1
8900000739981,1
8900000743797,1
8900000747832,1
8900000747856,1
8900000747863,1
8900000747870,1
8900000748419,1
8900000748457,1
8900000748471,1
8900000748488,1
8900000748501,1
8900000748655,1
8900000748679,1
8900000751181,1
8900000751228,1
8900000751273,1
8900000751297,1
8900000766895,1
8900000767601,1
8900000768240,1
8900000768257,1
8900000768271,1
8900000768554,1
8900000768585,1
8900000770670,1
8900000771530,1
8900000771639,1
8900000772995,1
8900000773008,1
8900000773015,1
8900000773022,1
8900000773039,1
