bhmkolhapur,
8900000407736,1
8900000409808,1
8900000420094,1
8900000420582,1
8900000435265,1
8900000436705,1
8900000492206,1
8900000509270,1
8900000512171,1
8900000572465,1
8900000595174,1
8900000626595,1
8900000626632,1
8900000627394,1
8900000670147,1
8900000680306,1
8900000680467,1
8900000680542,1
8900000680627,1
8900000680702,1
8900000680825,1
8900000681464,1
8900000683505,1
8900000684069,1
8900000684106,1
8900000684182,1
8900000684267,1
8900000684298,1
8900000684892,1
8900000685790,1
8900000687916,1
8900000687947,1
8900000690350,1
8900000691357,1
8900000691395,1
8900000691708,1
8900000691821,1
8900000691944,1
8900000692026,1
8900000692200,1
8900000692286,1
8900000692361,1
8900000692446,1
8900000692521,1
8900000692606,1
8900000692682,1
8900000693085,1
8900000694709,1
8900000695904,1
8900000696185,1
8900000699322,1
8900000700646,1
8900000701001,1
8900000702343,1
8900000707430,1
8900000707676,1
8900000723317,1
8900000726301,1
8900000738007,1
8900000738151,1
