manik,
8900000247424,2
8900000247431,2
8900000247448,2
8900000247455,1
8900000248032,2
8900000248049,2
8900000248056,2
8900000248063,1
chinchwad,
8900000247424,2
8900000247431,2
8900000247448,2
8900000247455,1
8900000248032,2
8900000248049,2
8900000248056,2
8900000248063,1
jagrutcreation,
8900000247424,2
8900000247431,2
8900000247448,2
8900000247455,1
8900000248032,2
8900000248049,2
8900000248056,2
8900000248063,1
ambekar,
8900000247424,2
8900000247431,2
8900000247448,2
8900000247455,1
8900000248032,2
8900000248049,2
8900000248056,2
8900000248063,1
kolhapur,
8900000247424,2
8900000247431,2
8900000247448,2
8900000247455,1
8900000248032,2
8900000248049,2
8900000248056,2
8900000248063,1
